"featureidx"	"MSMS"	"fold"	"log2fold"	"tstat"	"pvalue"	"qvalue"	"pdown"	"mzmed"	"mzmin"	"mzmax"	"rtmed"	"rtmin"	"rtmax"	"maxint"	"dataset1_mean"	"dataset1_sd"	"dataset2_mean"	"dataset2_sd"	"isotopes"	"adducts"	"peakgroup"	"METLIN"	"name"	"METLIN_MSMS"
1	""	1.13961972669164	0.188552499882408	2.36532405581192	0.0281020209807148	1	"UP"	482.403740049001	482.401538448174	482.40527083434	4.806616765	4.80639981666667	4.80904997333333	713.90625	716.470141766567	76.4319954193931	816.503507142735	138.557841314045	""	""	31	""	"M482T5"	"n"
2	""	1.14443370981656	-0.194633898639622	-2.31373459655967	0.0292534058896479	1	"DOWN"	497.34503660051	497.341594308369	497.34783269516	4.69682491666667	4.69504989	4.70008353	4512.4609375	4556.75235346606	581.704252048547	3981.6656171343	725.619506573979	"[2][M]+"	""	1	"5::25-Hydroxy-24-epi-brassinolide::M+H::  68796::NA::|5::26-Hydroxy-24-epi-brassinolide::M+H::  68797::NA::|5::26-Hydroxybrassinolide::M+H::  73406::NA::|8::::M+NH4::1082044::NA::|8::::M+NH4::1093755::NA::"	"M497T5"	"y"
3	""	1.57387842058994	0.654324099430823	1.78295896963603	0.0887157765414677	1	"UP"	787.607218064876	787.601566973506	787.609755467202	5.78227498	5.75186686	5.84398347666667	6194.53125	5656.85086378836	3549.28312903384	8903.19550301208	5815.07084457525	"[15][M+1]+"	""	4	""	"M788T6"	"n"
4	""	1.29534152487561	0.373332523614387	1.63587942800543	0.114744390043528	1	"UP"	583.255908051784	583.253226846263	583.256786757482	4.99724983333333	4.99629992666667	4.99959988333333	1232.029296875	447.749614341914	183.597760715363	579.98866820412	240.366001942177	""	""	39	"0::Asp Asp Arg Arg::M+Na::120574::NA::|0::Asp Arg Asp Arg::M+Na::125134::NA::|0::Asp Arg Arg Asp::M+Na::125362::NA::|0::Arg Asp Asp Arg::M+Na::216333::NA::|0::Arg Asp Arg Asp::M+Na::216561::NA::|0::Arg Arg Asp Asp::M+Na::221121::NA::|1::Biliverdin IX::M+H::  6608::NA::|1::Azelnidipine::M+H::990682::NA::|3::Glu Met Thr Trp::M+NH4::131818::NA::|3::Glu Met Trp Thr::M+NH4::131856::NA::|3::Glu Thr Met Trp::M+NH4::134098::NA::|3::Glu Thr Trp Met::M+NH4::134250::NA::|3::Glu Trp Met Thr::M+NH4::134896::NA::|3::Glu Trp Thr Met::M+NH4::135010::NA::|3::Met Glu Thr Trp::M+NH4::185017::NA::|3::Met Glu Trp Thr::M+NH4::185055::NA::|3::Met Thr Glu Trp::M+NH4::189957::NA::|3::Met Thr Trp Glu::M+NH4::190242::NA::|3::Met Trp Glu Thr::M+NH4::190755::NA::|3::Met Trp Thr Glu::M+NH4::191002::NA::|3::Thr Glu Met Trp::M+NH4::232897::NA::|3::Thr Glu Trp Met::M+NH4::233049::NA::|3::Thr Met Glu Trp::M+NH4::235557::NA::|3::Thr Met Trp Glu::M+NH4::235842::NA::|3::Thr Trp Glu Met::M+NH4::238749::NA::|3::Thr Trp Met Glu::M+NH4::238882::NA::|3::Trp Glu Met Thr::M+NH4::248895::NA::|3::Trp Glu Thr Met::M+NH4::249009::NA::|3::Trp Met Glu Thr::M+NH4::251555::NA::|3::Trp Met Thr Glu::M+NH4::251802::NA::"	"M583T5"	"y"
5	""	1.11291582833874	-0.154344483398389	-1.44994945513374	0.159482608878175	1	"DOWN"	203.053081921394	203.052589839707	203.053912886071	0.486533344	0.482933342	0.582583308	917.29931640625	1161.59440748543	192.877652643854	1043.73967725785	235.144219778024	""	""	44	"3::&alpha;-D-Glucose::M+Na::   133::NA::|3::D-Galactose::M+Na::   134::NA::|3::D-Fructose::M+Na::   135::NA::|3::D-(+)-Mannose::M+Na::   136::NA::|3::myo-Inositol::M+Na::   144::NA::|3::Allose::M+Na::   348::NA::|3::b-D-Galactopyranose::M+Na::  3754::NA::|3::b-Glucose::M+Na::  3755::NA::|3::L-Galactose::M+Na::  4184::NA::|3::allo-Inositol::M+Na:: 44877::NA::|3::D-Tagatose::M+Na:: 58151::NA::|3::&alpha;-D-Glucose::M+Na:: 63118::NA::|3::L-Rhamnonate::M+Na:: 63163::NA::|3::D-Fuconate::M+Na:: 63168::NA::|3::&beta;-D-Fructose::M+Na:: 63197::NA::|3::L-(+)-Gulose::M+Na:: 64618::NA::|3::Sorbose::M+Na:: 65598::NA::|3::D-Hamamelose::M+Na:: 65675::NA::|3::2-Deoxy-D-gluconate::M+Na:: 65829::NA::|3::beta-D-Hamamelopyranose::M+Na:: 66926::NA::|3::D-Fructose::M+Na:: 68675::NA::|3::1,3-Dihydroxyacetone::M+Na::  4131::NA::|3::3-Deoxyarabinohexonic acid::M+Na::  5335::NA::|5::D-{-}-TAGATOSE::M+Na::987945::NA::|5::D-GLUCOSE::M+Na::988084::NA::|5::Dextrose (D-glucose)::M+Na::990584::NA::|5::Theobromine::M+Na::  1456::NA::|5::Paraxanthine::M+Na::  1457::NA::|5::Theophylline::M+Na::  1458::NA::|6::Aminophylline ethylenediamine::M+Na::985812::NA::"	"M203T0"	"y"
6	""	1.22213291605269	-0.289401197515217	-1.42102408314828	0.167618218913073	1	"DOWN"	810.602892179025	810.601208129014	810.606798431326	5.65671668666667	5.6423001	5.67143345	9890.546875	14180.771765719	5235.09273921361	11603.297464175	4318.88113406308	"[19][M]+"	""	6	"3::PC(16:0/22:4(7Z,10Z,13Z,16Z))[U]::M+H::39384::NA::|3::PC(18:0/20:4(5E,8E,11E,14E))[U]::M+H::39542::NA::|3::PC(18:0/20:4(5Z,8Z,11Z,14Z))::M+H::39543::NA::|3::PC(18:0/20:4(5Z,8Z,11Z,14Z))[U]::M+H::39544::NA::|3::PC(18:0/20:4(8Z,10Z,12Z,14Z))::M+H::39545::NA::|3::1-Stearoyl-2-Arachidonoyl PC::M+H::45201::NA::|3::PC(16:0/22:4(7Z,10Z,13Z,16Z))::M+H::59436::NA::|3::PC(18:0/20:4(8Z,11Z,14Z,17Z))::M+H::59496::NA::|3::PC(18:1(11Z)/20:3(5Z,8Z,11Z))::M+H::59526::NA::|3::PC(18:1(11Z)/20:3(8Z,11Z,14Z))::M+H::59527::NA::|3::PC(18:1(9Z)/20:3(5Z,8Z,11Z))::M+H::59558::NA::|3::PC(18:1(9Z)/20:3(8Z,11Z,14Z))::M+H::59559::NA::|3::PC(18:2(9Z,12Z)/20:2(11Z,14Z))::M+H::59591::NA::|3::PC(18:3(6Z,9Z,12Z)/20:1(11Z))::M+H::59622::NA::|3::PC(18:3(9Z,12Z,15Z)/20:1(11Z))::M+H::59655::NA::|3::PC(18:4(6Z,9Z,12Z,15Z)/20:0)::M+H::59687::NA::|3::PC(20:0/18:4(6Z,9Z,12Z,15Z))::M+H::59719::NA::|3::PC(20:1(11Z)/18:3(6Z,9Z,12Z))::M+H::59750::NA::|3::PC(20:1(11Z)/18:3(9Z,12Z,15Z))::M+H::59751::NA::|3::PC(20:2(11Z,14Z)/18:2(9Z,12Z))::M+H::59782::NA::|3::PC(20:3(5Z,8Z,11Z)/18:1(11Z))::M+H::59813::NA::|3::PC(20:3(5Z,8Z,11Z)/18:1(9Z))::M+H::59814::NA::|3::PC(20:3(8Z,11Z,14Z)/18:1(11Z))::M+H::59846::NA::|3::PC(20:3(8Z,11Z,14Z)/18:1(9Z))::M+H::59847::NA::|3::PC(20:4(5Z,8Z,11Z,14Z)/18:0)::M+H::59877::NA::|3::PC(20:4(8Z,11Z,14Z,17Z)/18:0)::M+H::59910::NA::|3::PC(22:4(7Z,10Z,13Z,16Z)/16:0)::M+H::60072::NA::|3::PE(19:0/22:4(7Z,10Z,13Z,16Z))::M+H::77026::NA::|3::PE(20:4(5Z,8Z,11Z,14Z)/21:0)::M+H::77191::NA::|3::PE(21:0/20:4(5Z,8Z,11Z,14Z))::M+H::77245::NA::"	"M811T6"	"y"
7	""	1.14894887808957	0.200314607411834	1.39901128203836	0.173830315060272	1	"UP"	525.375973192125	525.373123753819	525.379896033769	4.81730827833333	4.81361645666667	4.82281666	3169.017578125	2817.43260691106	844.374739150519	3237.08603280342	739.412843802203	"[5][M+1]+"	""	7	""	"M525T5"	"n"
8	""	1.12296524334066	0.16731327588095	1.38157062335267	0.184910467437823	1	"UP"	679.513687060567	679.510373993555	679.518224831438	3.60644997	3.55561668333333	3.61008327	3945.38671875	2509.58027644821	775.646118544444	2818.17142582459	311.198899787604	"[8][M]+"	""	21	"3::C-12 NBD-dihydro-Ceramide::M+NH4::44980::NA::"	"M680T4"	"y"
9	""	1.10659769442354	-0.146130823067253	-1.34695465535713	0.190350781311196	1	"DOWN"	498.350937569725	498.345967109687	498.35482474333	4.69936663	4.69590019333333	4.70026684666667	1215.189453125	814.491918586544	172.464253013505	736.032546146624	133.259389707187	"[2][M+1]+"	""	1	""	"M498T5"	"n"
10	""	1.14387262537721	0.193926411410365	1.31046759951649	0.202474061834379	1	"UP"	680.480777351288	680.478960208688	680.481978810413	5.910133405	5.90425006666667	5.91464996666667	754.2158203125	1568.73156207764	518.280698895186	1794.42909042585	382.953901827002	""	""	41	"8::PS(O-16:0/13:0)::M+H::78649::NA::|9::3-hexanoyl-NBD Cholesterol::M+NH4::64806::NA::"	"M680T6"	"y"
11	""	1.14967180357726	-0.201222074275531	-1.29559068880252	0.206522480323732	1	"DOWN"	702.563627755842	702.562252625367	702.565421431643	5.28390836166667	5.27999994	5.28781647333333	727.76513671875	1180.19143356624	306.928584488895	1026.54638471085	320.448919237522	"[9][M+1]+"	""	29	""	"M703T5"	"n"
12	""	1.2603670573926	-0.333843951790033	-1.28825583476595	0.209153674318921	1	"DOWN"	807.576385740959	807.572264966898	807.579010618513	5.30881682666667	5.23841654666667	5.32709977666667	4588.1484375	7024.01257807211	2802.75762477333	5572.98965953864	3147.34035103639	"[18][M+1]+"	""	11	""	"M808T5"	"n"
13	""	1.08545362710732	0.118298092262251	1.28241814117048	0.214270744810779	1	"UP"	158.964973040913	158.96393719601	158.965307616249	0.446866679333333	0.445083318333333	0.450733322666667	1007.15869140625	1567.10941570645	342.881993072465	1701.02459935261	187.331346831474	""	""	40	""	"M159T0"	"n"
14	""	1.22724134683784	0.295418994434129	1.26330148047981	0.220084058454769	1	"UP"	784.586576498789	784.581282126506	784.588331863823	5.53049155333333	5.51210000333333	5.54278317666667	7309.91015625	7959.12962437562	2770.93543674054	9767.77295987566	4584.51954461951	"[14][M]+"	""	14	"2::PC(16:0/20:3(11E,14E,17E))[U]::M+H::39361::NA::|2::PC(16:0/20:3(5E,8E,11E))[U]::M+H::39362::NA::|2::PC(16:0/20:3(5Z,8Z,11Z))[U]::M+H::39364::NA::|2::PC(16:0/20:3(8E,11E,14E))::M+H::39365::NA::|2::PC(16:0/20:3(8E,11E,14E))[S]::M+H::39366::NA::|2::PC(16:0/20:3(8E,11E,14E))[U]::M+H::39367::NA::|2::PC(16:0/20:3(8Z,11Z,14Z))[U]::M+H::39369::NA::|2::PC(18:0/18:3(6Z,9Z,12Z))[U]::M+H::39511::NA::|2::PC(18:0/18:3(9Z,12Z,15Z))[U]::M+H::39512::NA::|2::PC(18:1(9Z)/18:2(6Z,9Z))::M+H::39634::NA::|2::PC(18:1(9Z)/18:2(6Z,9Z))[U]::M+H::39635::NA::|2::PC(18:1(9Z)/18:2(9Z,12Z))[U]::M+H::39637::NA::|2::PC(14:1(9Z)/22:2(13Z,16Z))::M+H::59371::NA::|2::PC(16:0/20:3(5Z,8Z,11Z))::M+H::59429::NA::|2::PC(16:0/20:3(8Z,11Z,14Z))::M+H::59430::NA::|2::PC(16:1(9Z)/20:2(11Z,14Z))::M+H::59460::NA::|2::PC(18:0/18:3(6Z,9Z,12Z))::M+H::59488::NA::|2::PC(18:0/18:3(9Z,12Z,15Z))::M+H::59489::NA::|2::PC(18:1(11Z)/18:2(9Z,12Z))::M+H::59519::NA::|2::PC(18:1(9Z)/18:2(9Z,12Z))::M+H::59551::NA::|2::PC(18:2(9Z,12Z)/18:1(11Z))::M+H::59582::NA::|2::PC(18:2(9Z,12Z)/18:1(9Z))::M+H::59583::NA::|2::PC(18:3(6Z,9Z,12Z)/18:0)::M+H::59614::NA::|2::PC(18:3(9Z,12Z,15Z)/18:0)::M+H::59647::NA::|2::PC(20:2(11Z,14Z)/16:1(9Z))::M+H::59778::NA::|2::PC(20:3(5Z,8Z,11Z)/16:0)::M+H::59810::NA::|2::PC(20:3(8Z,11Z,14Z)/16:0)::M+H::59843::NA::|2::PC(22:2(13Z,16Z)/14:1(9Z))::M+H::60037::NA::|2::PC(17:2(9Z,12Z)/19:1(9Z))::M+H::75848::NA::|2::PC(19:1(9Z)/17:2(9Z,12Z))::M+H::76046::NA::"	"M785T6"	"y"
15	""	1.12471390124358	-0.169558062998193	-1.21426963413924	0.235650221039797	1	"DOWN"	680.515615795912	680.511136918019	680.519992745107	3.60646674666667	3.55300011333333	3.61008327	1973.2998046875	1229.26012222138	310.342535589078	1092.9536132364	283.020602396495	"[8][M+1]+"	""	21	""	"M681T4"	"n"
16	""	1.23392127574692	0.303250353391311	1.15867193925021	0.257229180000728	1	"UP"	993.690135117458	993.685167522524	993.69471300866	4.69939994	4.69504989	4.69966680333333	2935.25	884.766649001347	812.482706977031	1223.79741545135	733.827110440114	"[22][M+2]+"	""	1	""	"M994T5"	"n"
17	""	1.06550978018851	-0.0915438355088925	-1.15400942793485	0.259131812482003	1	"DOWN"	522.357236061579	522.350938030623	522.359481870859	4.72126667333333	4.64528324333333	4.72491669	9452.3125	8615.38032231934	1142.3562096649	8085.68863703446	1282.40844216588	"[4][M]+"	""	9	"1::Eudesobovatol A::M+NH4:: 68385::NA::|3::PC(P-16:0/2:0)::M+H:: 40174::NA::|3::PC(18:1(6Z)/0:0)::M+H:: 40295::NA::|3::PC(18:1(9E)/0:0)::M+H:: 40296::NA::|3::PC(18:1(9)/0:0)[U]::M+H:: 40297::NA::|3::PC(18:1(9Z)/0:0)::M+H:: 40298::NA::|3::PC(18:1(9Z)/0:0)[U]::M+H:: 40299::NA::|3::PC(0:0/18:1(6Z))::M+H:: 40345::NA::|3::PC(0:0/18:1(9E))::M+H:: 40346::NA::|3::PC(0:0/18:1(9E))[U]::M+H:: 40347::NA::|3::PC(0:0/18:1(9Z))::M+H:: 40348::NA::|3::PC(0:0/18:1(9Z))[U]::M+H:: 40349::NA::|3::PC(18:1(9E)/0:0)[U]::M+H:: 46689::NA::|3::LysoPC(18:1(11Z))::M+H:: 61695::NA::|3::PC(18:1(9Z)/0:0)[rac]::M+H::102769::NA::|3::PC(18:1(9Z)/0:0)[U] / PC(18:1(9Z)/0:0)[rac]::M+H::   184::NA::|4::PC(O-16:1(11Z)/2:0)::M+H:: 40008::NA::|4::PC(O-16:1(9E)/2:0)[U]::M+H:: 40009::NA::|4::PC(O-16:1(9Z)/2:0)[U]::M+H:: 40010::NA::"	"M522T5"	"y"
18	""	1.24913748221639	0.320932271178301	1.05245392051607	0.303511977578925	1	"UP"	835.670538147195	835.665713205491	835.673528450437	4.89305838	4.88951652666667	4.9930501	9692.3984375	2619.95606213604	1313.23192556003	3272.68531897419	1913.23038406582	"[21][M]+"	""	8	" 5::SM(d18:1/24:1(15Z))::M+Na:: 41590::NA::| 5::SM(d18:2/24:0)::M+Na:: 83781::NA::| 9::1-Stearoyl-2-Arachidonoyl PC-d8::M+NH4:: 96414::NA::|10::PG(O-20:0/21:0)::M+H:: 79876::NA::|10::TG(16:1(9Z)/16:1(9Z)/17:2(9Z,12Z))[iso3]::M+Na::  4734::NA::|10::TG(13:0/18:2(9Z,12Z)/18:2(9Z,12Z))[iso3]::M+Na:: 98592::NA::|10::TG(15:0/17:2(9Z,12Z)/17:2(9Z,12Z))[iso3]::M+Na:: 98763::NA::|10::TG(12:0/15:0/22:4(7Z,10Z,13Z,16Z))[iso6]::M+Na:: 99147::NA::|10::TG(12:0/15:1(9Z)/22:3(10Z,13Z,16Z))[iso6]::M+Na:: 99173::NA::|10::TG(12:0/17:0/20:4(5Z,8Z,11Z,14Z))[iso6]::M+Na:: 99241::NA::|10::TG(12:0/17:1(9Z)/20:3(8Z,11Z,14Z))[iso6]::M+Na:: 99263::NA::|10::TG(12:0/17:2(9Z,12Z)/20:2(11Z,14Z))[iso6]::M+Na:: 99284::NA::|10::TG(12:0/18:3(6Z,9Z,12Z)/19:1(9Z))[iso6]::M+Na:: 99359::NA::|10::TG(12:0/18:3(9Z,12Z,15Z)/19:1(9Z))[iso6]::M+Na:: 99376::NA::|10::TG(12:0/18:4(6Z,9Z,12Z,15Z)/19:0)[iso6]::M+Na:: 99391::NA::|10::TG(13:0/14:0/22:4(7Z,10Z,13Z,16Z))[iso6]::M+Na:: 99554::NA::|10::TG(13:0/14:1(9Z)/22:3(10Z,13Z,16Z))[iso6]::M+Na:: 99582::NA::|10::TG(13:0/16:0/20:4(5Z,8Z,11Z,14Z))[iso6]::M+Na:: 99657::NA::|10::TG(13:0/16:1(9Z)/20:3(8Z,11Z,14Z))[iso6]::M+Na:: 99681::NA::|10::TG(13:0/18:0/18:4(6Z,9Z,12Z,15Z))[iso6]::M+Na:: 99765::NA::|10::TG(13:0/18:1(9Z)/18:3(6Z,9Z,12Z))[iso6]::M+Na:: 99783::NA::|10::TG(13:0/18:1(9Z)/18:3(9Z,12Z,15Z))[iso6]::M+Na:: 99784::NA::|10::TG(14:0/15:0/20:4(5Z,8Z,11Z,14Z))[iso6]::M+Na::100039::NA::|10::TG(14:0/15:1(9Z)/20:3(8Z,11Z,14Z))[iso6]::M+Na::100065::NA::|10::TG(14:0/17:0/18:4(6Z,9Z,12Z,15Z))[iso6]::M+Na::100134::NA::|10::TG(14:0/17:1(9Z)/18:3(6Z,9Z,12Z))[iso6]::M+Na::100155::NA::|10::TG(14:0/17:1(9Z)/18:3(9Z,12Z,15Z))[iso6]::M+Na::100156::NA::|10::TG(14:0/17:2(9Z,12Z)/18:2(9Z,12Z))[iso6]::M+Na::100176::NA::|10::TG(14:1(9Z)/15:0/20:3(8Z,11Z,14Z))[iso6]::M+Na::100444::NA::|10::TG(14:1(9Z)/15:1(9Z)/20:2(11Z,14Z))[iso6]::M+Na::100470::NA::"	"M836T5"	"y"
19	""	1.07011814367565	-0.0977700825010336	-1.04541578398154	0.305455358623394	1	"DOWN"	137.066426310139	137.065304672784	137.067256205593	0.558758336333333	0.558633349666667	0.562366652333333	5860.77734375	5806.15638287552	955.785728592846	5425.71529806279	969.813267780153	""	""	15	""	"M137T1"	"n"
20	""	1.06424224949846	-0.0898265835179292	-0.98711517844594	0.332757936079957	1	"DOWN"	340.759563524882	340.75741101719	340.760923589897	3.60643340833333	3.55561668333333	3.61006669	1240.505859375	869.933851439827	146.990053841334	817.420894396736	134.219649191291	"[1][M+1]2+"	""	21	""	"M341T4"	"n"
21	""	1.13299835304912	0.180145764027273	0.958165873660187	0.347082915958461	1	"UP"	86.0959047027668	86.0954919677292	86.096757601285	0.966316639666667	0.890550000333333	1.06823329	2780.3046875	2609.93006946848	868.804105289206	2957.04647028115	1040.45693441338	""	""	26	"6::Piperidine::M+H::64457::NA::|8::Isoprene::M+NH4::71229::NA::"	"M86T1"	"y"
22	""	1.07301895510448	-0.101675561829473	-0.957220915564686	0.347288486862671	1	"DOWN"	520.341112314942	520.339300709458	520.343375812385	4.64481667333333	4.64176649	4.65245007	13213.5859375	10383.6113382989	1910.86384995287	9677.00643954406	1994.34507101586	"[3][M]+"	""	3	"2::Kolanone::M+NH4:: 68035::NA::|3::1-Linoleoylglycerophosphocholine::M+H::     1::NA::|3::PC(18:2(2E,4E)/0:0)::M+H:: 40300::NA::|3::PC(18:2(9Z,12Z)/0:0)::M+H:: 40301::NA::|3::PC(18:2(9Z,12Z)/0:0)[U]::M+H:: 40302::NA::|3::LysoPC(18:2(9Z,12Z))::M+H:: 61696::NA::|8::Asp Ile Lys Lys::M+NH4::122448::NA::|8::Asp Lys Ile Lys::M+NH4::122828::NA::|8::Asp Lys Lys Ile::M+NH4::122847::NA::|8::Asp Lys Lys Leu::M+NH4::122849::NA::|8::Asp Lys Leu Lys::M+NH4::122868::NA::|8::Asp Leu Lys Lys::M+NH4::123248::NA::|8::Glu Lys Lys Val::M+NH4::130857::NA::|8::Glu Lys Val Lys::M+NH4::131028::NA::|8::Glu Val Lys Lys::M+NH4::134448::NA::|8::Ile Asp Lys Lys::M+NH4::160447::NA::|8::Ile Lys Asp Lys::M+NH4::162727::NA::|8::Ile Lys Lys Asp::M+NH4::162841::NA::|8::Lys Asp Ile Lys::M+NH4::168427::NA::|8::Lys Asp Lys Ile::M+NH4::168446::NA::|8::Lys Asp Lys Leu::M+NH4::168448::NA::|8::Lys Asp Leu Lys::M+NH4::168467::NA::|8::Lys Glu Lys Val::M+NH4::168856::NA::|8::Lys Glu Val Lys::M+NH4::169027::NA::|8::Lys Ile Asp Lys::M+NH4::170327::NA::|8::Lys Ile Lys Asp::M+NH4::170441::NA::|8::Lys Lys Asp Ile::M+NH4::170726::NA::|8::Lys Lys Asp Leu::M+NH4::170728::NA::|8::Lys Lys Glu Val::M+NH4::170756::NA::|8::Lys Lys Ile Asp::M+NH4::170821::NA::"	"M520T5"	"y"
23	""	1.05857465305361	0.0821230150162246	0.924743407227771	0.363604908417442	1	"UP"	553.391536602108	553.390140233525	553.392390280567	5.21873326333333	5.21558311666667	5.22408324	693.60302734375	796.374146599926	134.404354714485	843.02148593788	132.511102468194	""	""	24	" 5::Furohyperforin::M+H::89432::NA::| 5::8-Hydroxyhyperforin 8,1-hemiacetal::M+H::90549::NA::| 5::Oxepahyperforin::M+H::90671::NA::|10::VITAMIN E SUCCINATE(TOCOPHEROL SUCCINATE)::M+Na::85011::NA::"	"M553T5"	"y"
24	""	1.21589492583057	0.282018560580052	0.924783612084558	0.364205151330986	1	"UP"	768.589933917993	768.585592495035	768.594001780004	5.60475006333333	5.58630008	5.62833332	1258.5712890625	1546.60964635172	815.124456884634	1880.51482123967	1077.35941193367	""	""	36	"0::Arachidonoyl PAF C-16::M+H:: 43414::NA::|0::PC(O-16:0/20:4(5E,8E,11E,14E))::M+H:: 40081::NA::|0::PC(O-16:0/20:4(5E,8E,11E,14E))[U]::M+H:: 40082::NA::|0::PC(O-16:0/20:4(5Z,8Z,11Z,14Z))::M+H:: 40083::NA::|0::PC(O-16:0/20:4(5Z,8Z,11Z,14Z))[U]::M+H:: 40084::NA::|0::PC(18:2(9Z,12Z)/P-18:1(11Z))::M+H:: 59607::NA::|0::PC(18:2(9Z,12Z)/P-18:1(9Z))::M+H:: 59608::NA::|0::PC(18:3(6Z,9Z,12Z)/P-18:0)::M+H:: 59639::NA::|0::PC(18:3(9Z,12Z,15Z)/P-18:0)::M+H:: 59672::NA::|0::PC(20:3(5Z,8Z,11Z)/P-16:0)::M+H:: 59836::NA::|0::PC(20:3(8Z,11Z,14Z)/P-16:0)::M+H:: 59868::NA::|0::PC(P-16:0/20:3(5Z,8Z,11Z))::M+H:: 62048::NA::|0::PC(P-16:0/20:3(8Z,11Z,14Z))::M+H:: 62049::NA::|0::PC(P-18:0/18:3(6Z,9Z,12Z))::M+H:: 62070::NA::|0::PC(P-18:0/18:3(9Z,12Z,15Z))::M+H:: 62071::NA::|0::PC(P-18:1(11Z)/18:2(9Z,12Z))::M+H:: 62097::NA::|0::PC(P-18:1(9Z)/18:2(9Z,12Z))::M+H:: 62126::NA::|0::PC(O-18:0/18:4(6Z,9Z,12Z,15Z))::M+H:: 76437::NA::|0::PC(O-16:0/20:4(8Z,11Z,14Z,17Z))::M+H::102732::NA::|0::PC(O-18:2(9Z,12Z)/18:2(9Z,12Z))::M+H::102755::NA::|0::ARACHIDONOYL-PAF::M+H::987550::NA::|3::PC(O-18:1(9Z)/16:0)::M+Na:: 40013::NA::|3::PC(O-18:1(9Z)/16:0)[U]::M+Na:: 40014::NA::|3::PC(O-16:0/18:1(9Z))::M+Na:: 40032::NA::|3::PC(O-16:0/18:1(9E))[U]::M+Na:: 40065::NA::|3::PC(O-16:0/18:1(9Z))[S]::M+Na:: 40066::NA::|3::PC(O-16:0/18:1(9Z))[U]::M+Na:: 40067::NA::|3::PC(O-18:0/16:1(9Z))::M+Na:: 40116::NA::|3::PC(16:0/P-18:0)::M+Na:: 59443::NA::|3::PC(18:0/P-16:0)::M+Na:: 59507::NA::"	"M769T6"	"y"
25	""	1.07192035348643	0.100197713725775	0.908325084494774	0.374046568492647	1	"UP"	162.112839466962	162.112016300841	162.113439264557	0.482933342	0.481716673	0.486683333333333	901.484375	560.938657659487	143.540099003509	601.28156420256	83.7463377018083	""	""	45	"2::L-Carnitine::M+H::   52::NA::|2::L-Carnitine::M+H::34532::NA::|2::Carnitine::M+H::63461::NA::|3::2-Keto-n-heptylic acid::M+NH4::35706::NA::|3::n-valeryl acetic acid::M+NH4::35707::NA::|3::3-butyrl propionic acid::M+NH4::35708::NA::|3::4-propionyl butyric acid::M+NH4::35709::NA::|3::5-aceto valeric acid::M+NH4::35710::NA::|3::Hydroxycyclohexane-carboxylic Acid::M+NH4::44761::NA::|3::(S)-2-aceto-2-hydroxy-butanoic acid::M+NH4::45845::NA::|3::trans-4-Hydroxycyclohexanecarboxylate::M+NH4::66175::NA::|3::7-Oxoheptanoic acid::M+NH4::71248::NA::|3::Tetrahydrofurfuryl acetate::M+NH4::87469::NA::|3::Botryodiplodin::M+NH4::91658::NA::|3::Methyl (R)-3-methyl-2-oxopentanoate::M+NH4::92085::NA::|3::Ethyl levulinate::M+NH4::94939::NA::|3::2S-Hydroxy-2-isopropylbutano-3S-lactone::M+NH4::97370::NA::"	"M162T0"	"y"
26	""	1.23031700853867	-0.299030094199224	-0.841338313184238	0.407936639371851	1	"DOWN"	811.67221440778	811.670331514205	811.676389112135	6.27401663333333	6.22506683666667	6.38703315333333	3821.4296875	6673.99645037233	4154.8031858658	5424.61528537224	3689.23468881474	""	""	22	"4::SM(d18:2/24:1)::M+H:: 83780::NA::|7::SM(d18:0/22:0)::M+Na:: 41596::NA::|8::TG(13:0/17:1(9Z)/17:1(9Z))[iso3]::M+Na:: 98588::NA::|8::TG(14:1(9Z)/14:1(9Z)/19:0)[iso3]::M+Na:: 98685::NA::|8::TG(15:0/15:0/17:2(9Z,12Z))[iso3]::M+Na:: 98735::NA::|8::TG(15:0/16:1(9Z)/16:1(9Z))[iso3]::M+Na:: 98760::NA::|8::TG(15:1(9Z)/15:1(9Z)/17:0)[iso3]::M+Na:: 98786::NA::|8::TG(12:0/13:0/22:2(13Z,16Z))[iso6]::M+Na:: 99058::NA::|8::TG(12:0/15:0/20:2(11Z,14Z))[iso6]::M+Na:: 99138::NA::|8::TG(12:0/15:1(9Z)/20:1(11Z))[iso6]::M+Na:: 99164::NA::|8::TG(12:0/16:1(9Z)/19:1(9Z))[iso6]::M+Na:: 99212::NA::|8::TG(12:0/17:0/18:2(9Z,12Z))[iso6]::M+Na:: 99231::NA::|8::TG(12:0/17:1(9Z)/18:1(9Z))[iso6]::M+Na:: 99253::NA::|8::TG(12:0/17:2(9Z,12Z)/18:0)[iso6]::M+Na:: 99274::NA::|8::TG(13:0/14:0/20:2(11Z,14Z))[iso6]::M+Na:: 99545::NA::|8::TG(13:0/14:1(9Z)/20:1(11Z))[iso6]::M+Na:: 99573::NA::|8::TG(13:0/15:1(9Z)/19:1(9Z))[iso6]::M+Na:: 99626::NA::|8::TG(13:0/16:0/18:2(9Z,12Z))[iso6]::M+Na:: 99647::NA::|8::TG(13:0/16:1(9Z)/18:1(9Z))[iso6]::M+Na:: 99671::NA::|8::TG(13:0/17:0/17:2(9Z,12Z))[iso6]::M+Na:: 99693::NA::|8::TG(14:0/14:1(9Z)/19:1(9Z))[iso6]::M+Na::100006::NA::|8::TG(14:0/15:0/18:2(9Z,12Z))[iso6]::M+Na::100029::NA::|8::TG(14:0/15:1(9Z)/18:1(9Z))[iso6]::M+Na::100055::NA::|8::TG(14:0/16:0/17:2(9Z,12Z))[iso6]::M+Na::100079::NA::|8::TG(14:0/16:1(9Z)/17:1(9Z))[iso6]::M+Na::100103::NA::|8::TG(14:1(9Z)/15:0/18:1(9Z))[iso6]::M+Na::100434::NA::|8::TG(14:1(9Z)/15:1(9Z)/18:0)[iso6]::M+Na::100460::NA::|8::TG(14:1(9Z)/16:0/17:1(9Z))[iso6]::M+Na::100484::NA::|8::TG(14:1(9Z)/16:1(9Z)/17:0)[iso6]::M+Na::100508::NA::|8::TG(15:0/15:1(9Z)/17:1(9Z))[iso6]::M+Na::100836::NA::"	"M812T6_3"	"y"
27	""	1.06715877664166	0.09377484273398	0.828198278525515	0.415163029531215	1	"UP"	105.033779493814	105.033379587232	105.034132552443	3.03276655833333	3.02914999666667	3.03638341666667	1121.294921875	1613.70253080369	362.210919310557	1722.07681863602	329.435066672028	""	""	42	""	"M105T3"	"n"
28	""	1.19339932040852	0.255076860450617	0.823903568660439	0.418384297206979	1	"UP"	756.555148964038	756.553541836556	756.558344131153	5.32778342	5.27641677333333	5.35134985	1499.1015625	1598.53270689546	801.988208834073	1907.68784605984	1152.3904054984	""	""	33	"2::PC(15:0/19:3(9Z,12Z,15Z))[U]::M+H::39288::NA::|2::PC(16:0/18:3(5E,9Z,12Z))[U]::M+H::39339::NA::|2::PC(16:0/18:3(6Z,9Z,12Z))[U]::M+H::39341::NA::|2::PC(16:0/18:3(9E,12E,15E))[U]::M+H::39342::NA::|2::PC(16:0/18:3(9Z,12Z,15Z))[U]::M+H::39344::NA::|2::PC(16:1(7Z)/18:2(9Z,12Z))[U]::M+H::39422::NA::|2::PC(16:1(9Z)/18:2(9Z,12Z))[U]::M+H::39432::NA::|2::PC(14:0/20:3(5Z,8Z,11Z))::M+H::59331::NA::|2::PC(14:0/20:3(8Z,11Z,14Z))::M+H::59332::NA::|2::PC(14:1(9Z)/20:2(11Z,14Z))::M+H::59363::NA::|2::PC(16:0/18:3(6Z,9Z,12Z))::M+H::59423::NA::|2::PC(16:0/18:3(9Z,12Z,15Z))::M+H::59424::NA::|2::PC(16:1(9Z)/18:2(9Z,12Z))::M+H::59454::NA::|2::PC(18:2(9Z,12Z)/16:1(9Z))::M+H::59580::NA::|2::PC(18:3(6Z,9Z,12Z)/16:0)::M+H::59612::NA::|2::PC(18:3(9Z,12Z,15Z)/16:0)::M+H::59645::NA::|2::PC(20:2(11Z,14Z)/14:1(9Z))::M+H::59775::NA::|2::PC(20:3(5Z,8Z,11Z)/14:0)::M+H::59807::NA::|2::PC(20:3(8Z,11Z,14Z)/14:0)::M+H::59840::NA::|2::PC(17:1(9Z)/17:2(9Z,12Z))::M+H::75810::NA::|2::PC(17:2(9Z,12Z)/17:1(9Z))::M+H::75840::NA::|2::PE(15:1(9Z)/22:2(13Z,16Z))::M+H::76737::NA::|2::PE(17:0/20:3(8Z,11Z,14Z))::M+H::76789::NA::|2::PE(17:1(9Z)/20:2(11Z,14Z))::M+H::76816::NA::|2::PE(17:2(9Z,12Z)/20:1(11Z))::M+H::76845::NA::|2::PE(18:2(9Z,12Z)/19:1(9Z))::M+H::76903::NA::|2::PE(18:3(6Z,9Z,12Z)/19:0)::M+H::76931::NA::|2::PE(18:3(9Z,12Z,15Z)/19:0)::M+H::76959::NA::|2::PE(19:0/18:3(6Z,9Z,12Z))::M+H::77012::NA::|2::PE(19:0/18:3(9Z,12Z,15Z))::M+H::77013::NA::"	"M757T5"	"y"
29	""	1.11280166413364	0.154196482465434	0.803186586100151	0.429550405941711	1	"UP"	546.35652316626	546.352887204888	546.358441674643	4.68148329333333	4.63446668	4.68354998	3587.1953125	1223.58018642773	397.425789962127	1361.60206765773	505.442685068557	""	""	23	"2::LysoPC(20:3(5Z,8Z,11Z))::M+H:: 61703::NA::|2::LysoPC(20:3(8Z,11Z,14Z))::M+H:: 61704::NA::|2::PC(20:3(8Z,11Z,14Z)/0:0)::M+H:: 76575::NA::|2::1-(8Z,11Z,14Z-eicosatrienoyl)-sn-glycero-3-phosphocholine::M+H::  4075::NA::|2::Neolinderachalcone::M+NH4:: 52046::NA::|2::Neolinderatone::M+NH4:: 52700::NA::|6::PAF C16::M+Na::987517::NA::|6::ENANTIO-PAF C16::M+Na::987545::NA::|7::PAF C-16::M+Na:: 34488::NA::|7::PC(2:0/O-16:0)[U]::M+Na:: 40161::NA::|7::enantio-PAF C-16::M+Na:: 43413::NA::|7::PC(O-16:0/2:0)::M+Na:: 40075::NA::|7::PC(O-16:0/2:0)[S]::M+Na:: 40076::NA::|7::PC(O-16:0/2:0)[U]::M+Na:: 40077::NA::|7::PC(18:0/0:0)::M+Na:: 40292::NA::|7::PC(18:0/0:0)[S]::M+Na:: 40293::NA::|7::PC(18:0/0:0)[U]::M+Na:: 40294::NA::|7::PC(0:0/18:0)::M+Na:: 40342::NA::|7::PC(0:0/18:0)[S]::M+Na:: 40343::NA::|7::PC(0:0/18:0)[U]::M+Na:: 40344::NA::|7::LysoPC(18:0)::M+Na:: 61694::NA::|7::LysoPC(0:0/18:0)::M+Na:: 61991::NA::|7::PE(21:0/0:0)::M+Na:: 77692::NA::|8::Gln Val Leu Leu Gly::M+NH4::265013::NA::"	"M546T5_2"	"y"
30	""	1.10689728563547	0.146521353664588	0.780069380762048	0.442411891299183	1	"UP"	328.321769497888	328.319951047558	328.324208847751	4.878850085	4.87514997333333	4.88460001333333	4099.9453125	1751.17452724741	618.634935908461	1938.37033088413	650.777404875453	""	""	17	"2::Stearoylethanolamide::M+H:: 3720::NA::|2::D-erythro-Sphingosine C-20::M+H::45095::NA::|2::N,N-Dimethylsphingosine::M+H::34487::NA::|2::Phytenoic Acid::M+NH4::34567::NA::|2::17Z-octadecenoic acid::M+NH4::34764::NA::|2::cis-gadoleic acid::M+NH4::34766::NA::|2::trans-gondoic acid::M+NH4::34767::NA::|2::14(Z)-Eicosenoic Acid::M+NH4::34768::NA::|2::13-eicosenoic acid::M+NH4::35030::NA::|2::13Z-eicosenoic acid::M+NH4::35031::NA::|2::15-eicosenoic acid::M+NH4::35032::NA::|2::15Z-eicosenoic acid::M+NH4::35033::NA::|2::5E-eicosenoic acid::M+NH4::35034::NA::|2::5Z-eicosenoic acid::M+NH4::35035::NA::|2::8Z-eicosenoic acid::M+NH4::35036::NA::|2::9-Eicosenoic acid::M+NH4::35298::NA::|2::Phytenic acid::M+NH4::  201::NA::|2::2E-Eicosenoic acid::M+NH4:: 6563::NA::|2::Oleic Acid ethyl ester::M+NH4::45007::NA::|2::&Delta;2-cis Eicosenoic Acid::M+NH4::45067::NA::|2::cis-gondoic acid::M+NH4:: 3554::NA::|2::Prostanoic acid skeleton::M+NH4::45948::NA::|2::13E-Octadecenyl acetate::M+NH4::46381::NA::|2::2E-Octadecenyl acetate::M+NH4::46382::NA::|2::11Z-Octadecenyl acetate::M+NH4::46386::NA::|2::13Z-Octadecenyl acetate::M+NH4::46387::NA::|2::9Z-Octadecenyl acetate::M+NH4::46388::NA::|2::9-Octadecenyl acetate::M+NH4::46396::NA::|2::cis-17-octadecenoic acid; C18:1n-1::M+NH4::73810::NA::|2::cis-14-eicosenoic acid; cis-14-icosenoic acid; C20:1n-6::M+NH4::73812::NA::"	"M328T5"	"y"
31	""	1.13464616866321	-0.182242473463363	-0.776632568911112	0.445370419841793	1	"DOWN"	759.638409005847	759.635243449231	759.639694993028	6.27090006	6.22506683666667	6.31626657	1101.5849609375	4724.15317858948	1507.52177072792	4163.54746445342	2241.01600074654	""	""	28	" 1::SM(d18:1/20:0)::M+H:: 41588::NA::| 1::SM(d16:1/22:0)::M+H:: 83762::NA::| 4::Campesteryl brassidate::M+K:: 91435::NA::| 4::22:1 Campesteryl ester::M+K::103401::NA::|10::GlcCer(d15:1/22:0)::M+NH4::103288::NA::"	"M760T6"	"y"
32	""	1.27838855222991	0.354326394327299	0.740201526480403	0.466594910703959	1	"UP"	788.619357017237	788.616614733984	788.622835640758	6.13324999333333	6.09448327	6.16508335	5848.75390625	5967.87121860813	4803.86372527941	7629.25824705098	6888.556891653	"[17][M]+"	""	16	"4::PC(16:0/20:1(11Z))[U]::M+H::39359::NA::|4::PC(18:0/18:1(11E))[U]::M+H::39490::NA::|4::PC(18:0/18:1(12Z))::M+H::39492::NA::|4::PC(18:0/18:1(12Z))[U]::M+H::39493::NA::|4::PC(18:0/18:1(13Z))::M+H::39494::NA::|4::PC(18:0/18:1(16Z))::M+H::39495::NA::|4::PC(18:0/18:1(16Z))[U]::M+H::39496::NA::|4::PC(18:0/18:1(6Z))::M+H::39497::NA::|4::PC(18:0/18:1(6Z))[U]::M+H::39498::NA::|4::PC(18:0/18:1(7Z))::M+H::39499::NA::|4::PC(18:0/18:1(9E))::M+H::39500::NA::|4::PC(18:0/18:1(9E))[U]::M+H::39501::NA::|4::PC(18:0/18:1(9Z))[S]::M+H::39503::NA::|4::PC(18:0/18:1(9Z))[U]::M+H::39504::NA::|4::PC(18:1(9E)/18:0)[U]::M+H::39616::NA::|4::PC(18:1(9Z)/18:0)[U]::M+H::39630::NA::|4::PC(20:1(11Z)/16:0)[U]::M+H::39778::NA::|4::PC(14:0/22:1(13Z))::M+H::59337::NA::|4::PC(14:1(9Z)/22:0)::M+H::59369::NA::|4::PC(16:0/20:1(11Z))::M+H::59427::NA::|4::PC(16:1(9Z)/20:0)::M+H::59458::NA::|4::PC(18:0/18:1(11Z))::M+H::59485::NA::|4::PC(18:0/18:1(9Z))::M+H::59486::NA::|4::PC(18:1(11Z)/18:0)::M+H::59516::NA::|4::PC(18:1(9Z)/18:0)::M+H::59549::NA::|4::PC(20:0/16:1(9Z))::M+H::59712::NA::|4::PC(20:1(11Z)/16:0)::M+H::59744::NA::|4::PC(22:0/14:1(9Z))::M+H::59972::NA::|4::PC(22:1(13Z)/14:0)::M+H::60004::NA::|4::PE(15:0/24:1(15Z))::M+H::60358::NA::"	"M789T6"	"y"
33	""	1.21916078545605	0.28588840412338	0.737738335428524	0.467303837034943	1	"UP"	836.674773385686	836.670558253627	836.679665537384	4.89288328	4.88958311	4.99384987666667	4306.9765625	1226.27225821515	1107.18486945317	1544.73216069965	1175.96512904191	"[21][M+1]+"	""	8	""	"M837T5"	"n"
34	""	1.05563697256747	-0.0781137855282798	-0.686886732571818	0.499236803868107	1	"DOWN"	72.0804578689183	72.0801260920203	72.0808787783941	0.589908355666667	0.586050009666667	0.593783330333333	1254.5478515625	1276.1906872027	307.374485748278	1208.92950925999	199.405118184051	""	""	37	"4::3-Buten-1-amine::M+H::69390::NA::|4::Pyrrolidine::M+H::87832::NA::|6::1,3-Butadiene::M+NH4::71203::NA::"	"M72T1"	"y"
35	""	1.14897185304281	0.200343455971019	0.656836024214809	0.517085842350659	1	"UP"	789.623526657967	789.620132218422	789.629643836108	6.13320853	6.11204983333333	6.15378309666667	2676.892578125	3957.11790043036	2454.93094364418	4546.61708676633	2291.28242527116	"[17][M+1]+"	""	16	""	"M790T6"	"n"
36	""	1.06080188052993	-0.0851552380940609	-0.652930134761154	0.519754126353493	1	"DOWN"	521.345916136777	521.34090373935	521.34932472348	4.64329171666667	4.64176649	4.71031666	3901.068359375	3006.3771231894	763.8986173263	2834.06089145274	625.742783849252	"[3][M+1]+"	""	3	""	"M521T5"	"n"
37	""	1.09645300573702	-0.132843979049302	-0.633247871697387	0.532141612294777	1	"DOWN"	811.608025537283	811.60557907491	811.612606612454	5.65655830166667	5.64019983666667	5.67124981333333	4529.41796875	6909.10652730143	2430.44033133342	6301.3248093175	2643.78089108275	"[19][M+1]+"	""	6	""	"M812T6_1"	"n"
38	""	1.12276342615937	0.167053974166225	0.620664616755435	0.540236601265888	1	"UP"	568.340988431582	568.338712181893	568.342998218254	4.62378320833333	4.62103322666667	4.68146656666667	3116.396484375	910.779721750848	488.297622057024	1022.59016086946	464.653767354511	""	""	25	"2::PC(22:6(4E,7E,10E,13E,16E,19E)/0:0)[U]::M+H:: 40321::NA::|2::PC(22:6(4Z,7Z,10Z,13Z,16Z,19Z)/0:0)::M+H:: 40322::NA::|2::LysoPC(22:6(4Z,7Z,10Z,13Z,16Z,19Z))::M+H:: 61713::NA::|7::LysoPC(20:3(5Z,8Z,11Z))::M+Na:: 61703::NA::|7::LysoPC(20:3(8Z,11Z,14Z))::M+Na:: 61704::NA::|7::PC(20:3(8Z,11Z,14Z)/0:0)::M+Na:: 76575::NA::|7::1-(8Z,11Z,14Z-eicosatrienoyl)-sn-glycero-3-phosphocholine::M+Na::  4075::NA::|8::Glu Phe Lys Lys::M+NH4::129248::NA::|8::Glu Lys Phe Lys::M+NH4::130768::NA::|8::Glu Lys Lys Phe::M+NH4::130844::NA::|8::Phe Glu Lys Lys::M+NH4::136848::NA::|8::Phe Lys Glu Lys::M+NH4::138747::NA::|8::Phe Lys Lys Glu::M+NH4::138842::NA::|8::Ile Lys Gln Tyr::M+NH4::162958::NA::|8::Ile Lys Tyr Gln::M+NH4::163072::NA::|8::Ile Gln Lys Tyr::M+NH4::164858::NA::|8::Ile Gln Tyr Lys::M+NH4::165067::NA::|8::Ile Tyr Lys Gln::M+NH4::167252::NA::|8::Ile Tyr Gln Lys::M+NH4::167347::NA::|8::Lys Glu Phe Lys::M+NH4::168767::NA::|8::Lys Glu Lys Phe::M+NH4::168843::NA::|8::Lys Phe Glu Lys::M+NH4::169147::NA::|8::Lys Phe Lys Glu::M+NH4::169242::NA::|8::Lys Ile Gln Tyr::M+NH4::170558::NA::|8::Lys Ile Tyr Gln::M+NH4::170672::NA::|8::Lys Lys Glu Phe::M+NH4::170743::NA::|8::Lys Lys Phe Glu::M+NH4::170762::NA::|8::Lys Leu Gln Tyr::M+NH4::171358::NA::|8::Lys Leu Tyr Gln::M+NH4::171472::NA::|8::Lys Gln Ile Tyr::M+NH4::172838::NA::"	"M568T5"	"y"
39	""	1.1751998193652	0.232906079256532	0.621028409935322	0.541905828144559	1	"UP"	546.355525627666	546.352249768636	546.358109643883	4.81758341166667	4.81679999	4.89304988333333	6507.2578125	2102.45267053219	994.325699039569	2470.80199863331	1984.06846187767	""	""	7	"0::LysoPC(20:3(5Z,8Z,11Z))::M+H:: 61703::NA::|0::LysoPC(20:3(8Z,11Z,14Z))::M+H:: 61704::NA::|0::PC(20:3(8Z,11Z,14Z)/0:0)::M+H:: 76575::NA::|0::1-(8Z,11Z,14Z-eicosatrienoyl)-sn-glycero-3-phosphocholine::M+H::  4075::NA::|4::Neolinderachalcone::M+NH4:: 52046::NA::|4::Neolinderatone::M+NH4:: 52700::NA::|4::PAF C16::M+Na::987517::NA::|4::ENANTIO-PAF C16::M+Na::987545::NA::|5::PAF C-16::M+Na:: 34488::NA::|5::PC(2:0/O-16:0)[U]::M+Na:: 40161::NA::|5::enantio-PAF C-16::M+Na:: 43413::NA::|5::PC(O-16:0/2:0)::M+Na:: 40075::NA::|5::PC(O-16:0/2:0)[S]::M+Na:: 40076::NA::|5::PC(O-16:0/2:0)[U]::M+Na:: 40077::NA::|5::PC(18:0/0:0)::M+Na:: 40292::NA::|5::PC(18:0/0:0)[S]::M+Na:: 40293::NA::|5::PC(18:0/0:0)[U]::M+Na:: 40294::NA::|5::PC(0:0/18:0)::M+Na:: 40342::NA::|5::PC(0:0/18:0)[S]::M+Na:: 40343::NA::|5::PC(0:0/18:0)[U]::M+Na:: 40344::NA::|5::LysoPC(18:0)::M+Na:: 61694::NA::|5::LysoPC(0:0/18:0)::M+Na:: 61991::NA::|5::PE(21:0/0:0)::M+Na:: 77692::NA::"	"M546T5_1"	"y"
40	""	1.13857294369117	-0.187226721979973	-0.581837168965729	0.565834058657336	1	"DOWN"	812.675763859446	812.670634093775	812.679473068778	6.27040006666667	6.24425001	6.49153348	2091.482421875	2754.20513034007	1797.44948142892	2389.00678958638	1511.5050829931	""	""	28	"1::TG(12:0/18:3(6Z,9Z,12Z)/18:3(6Z,9Z,12Z))[iso3]::M+NH4:: 98531::NA::|1::TG(12:0/18:3(9Z,12Z,15Z)/18:3(9Z,12Z,15Z))[iso3]::M+NH4:: 98532::NA::|1::TG(13:0/13:0/22:6(4Z,7Z,10Z,13Z,16Z,19Z))[iso3]::M+NH4:: 98580::NA::|1::TG(14:1(9Z)/14:1(9Z)/20:4(5Z,8Z,11Z,14Z))[iso3]::M+NH4:: 98691::NA::|1::TG(15:1(9Z)/15:1(9Z)/18:4(6Z,9Z,12Z,15Z))[iso3]::M+NH4:: 98794::NA::|1::TG(12:0/14:0/22:6(4Z,7Z,10Z,13Z,16Z,19Z))[iso6]::M+NH4:: 99092::NA::|1::TG(12:0/14:1(9Z)/22:5(7Z,10Z,13Z,16Z,19Z))[iso6]::M+NH4:: 99120::NA::|1::TG(12:0/16:1(9Z)/20:5(5Z,8Z,11Z,14Z,17Z))[iso6]::M+NH4:: 99218::NA::|1::TG(12:0/18:2(9Z,12Z)/18:4(6Z,9Z,12Z,15Z))[iso6]::M+NH4:: 99339::NA::|1::TG(12:0/18:3(6Z,9Z,12Z)/18:3(9Z,12Z,15Z))[iso6]::M+NH4:: 99356::NA::|1::TG(13:0/15:1(9Z)/20:5(5Z,8Z,11Z,14Z,17Z))[iso6]::M+NH4:: 99632::NA::|1::TG(13:0/17:2(9Z,12Z)/18:4(6Z,9Z,12Z,15Z))[iso6]::M+NH4:: 99744::NA::|1::TG(14:0/14:1(9Z)/20:5(5Z,8Z,11Z,14Z,17Z))[iso6]::M+NH4::100012::NA::|1::TG(14:1(9Z)/16:1(9Z)/18:4(6Z,9Z,12Z,15Z))[iso6]::M+NH4::100516::NA::"	"M813T6"	"y"
41	""	1.05038076397008	0.0709124009520793	0.567904807958832	0.575439323097096	1	"UP"	531.408772763457	531.405792661621	531.41250337807	5.21773348333333	5.21248312	5.22408324	3193.955078125	2499.11456128599	671.62074552664	2625.02186213233	486.89700583762	"[6][M]+"	""	24	"8::Tocopherol succinate::M+H::991043::NA::|8::VITAMIN E SUCCINATE(TOCOPHEROL SUCCINATE)::M+H:: 85011::NA::"	"M531T5"	"y"
42	""	1.026277982721	-0.0374215593793937	-0.567760474197172	0.575508854233716	1	"DOWN"	496.341373775839	496.339405837278	496.342483070738	4.69946668166667	4.69286656333333	4.70078335666667	15601.828125	16366.9696854183	1631.68743320498	15947.8912740815	2228.27355400973	""	""	2	"3::PC(16:0/0:0)[U] / PC(16:0/0:0)[rac]::M+H::    182::NA::|3::PC(O-14:0/2:0)::M+H::  40048::NA::|3::PC(O-14:0/2:0)[U]::M+H::  40049::NA::|3::PC(16:0/0:0)::M+H::  40284::NA::|3::PC(16:0/0:0)[S]::M+H::  40285::NA::|3::PC(16:0/0:0)[U]::M+H::  40286::NA::|3::PC(0:0/16:0)::M+H::  40340::NA::|3::PC(0:0/16:0)[U]::M+H::  40341::NA::|3::LysoPC(16:0)::M+H::  61692::NA::|3::PE(19:0/0:0)::M+H::  77694::NA::|3::PC(16:0/0:0)[rac]::M+H:: 102768::NA::|3::Docosa-4,7,10,13,16-pentaenoyl carnitine::M+Na::  58392::NA::|3::Clupanodonyl carnitine::M+Na::  58428::NA::|3::23-Acetoxysoladulcidine::M+Na::  87655::NA::|4::::M+H::1031334::NA::|4::Etioporphyrin III::M+NH4::   5589::NA::|4::(Z)-2-tetracos-15-enamidoethanesulfonic acid::M+Na::   3735::NA::|9::24-methylene-cholesterol sulfate::M+NH4::  57968::NA::"	"M496T5"	"y"
43	""	1.16732903640656	0.223211272513743	0.535068972093474	0.597150687909585	1	"UP"	814.692869956976	814.690131586997	814.698116526676	4.91478317666667	4.85715010333333	5.10280002666667	2786.021484375	4714.00841849987	3934.98006826764	5502.79890477986	3865.36140987837	"[20][M+1]+"	""	17	""	"M815T5"	"n"
44	""	1.10697888676981	0.146627706091494	0.509050937602596	0.615351023957685	1	"UP"	794.606202557014	794.603714824073	794.608739072111	5.60483327	5.5791334	5.61645008	1157.4462890625	2100.03121194013	1322.56774093866	2324.69021317534	988.743664635595	""	""	36	"0::PC(O-16:0/22:5(7Z,10Z,13Z,16Z,19Z))[U]::M+H:: 40090::NA::|0::PC(O-16:0/22:5(7Z,10Z,13Z,16Z,19Z))::M+H:: 40093::NA::|0::PC(O-18:0/20:5(5Z,8Z,11Z,14Z,17Z))::M+H:: 40130::NA::|0::PC(20:3(5Z,8Z,11Z)/P-18:1(11Z))::M+H:: 59838::NA::|0::PC(20:3(5Z,8Z,11Z)/P-18:1(9Z))::M+H:: 59839::NA::|0::PC(20:3(8Z,11Z,14Z)/P-18:1(11Z))::M+H:: 59870::NA::|0::PC(20:3(8Z,11Z,14Z)/P-18:1(9Z))::M+H:: 59871::NA::|0::PC(20:4(5Z,8Z,11Z,14Z)/P-18:0)::M+H:: 59902::NA::|0::PC(20:4(8Z,11Z,14Z,17Z)/P-18:0)::M+H:: 59935::NA::|0::PC(22:4(7Z,10Z,13Z,16Z)/P-16:0)::M+H:: 60098::NA::|0::PC(P-16:0/22:4(7Z,10Z,13Z,16Z))::M+H:: 62056::NA::|0::PC(P-18:0/20:4(5Z,8Z,11Z,14Z))::M+H:: 62078::NA::|0::PC(P-18:0/20:4(8Z,11Z,14Z,17Z))::M+H:: 62079::NA::|0::PC(P-18:1(11Z)/20:3(5Z,8Z,11Z))::M+H:: 62104::NA::|0::PC(P-18:1(11Z)/20:3(8Z,11Z,14Z))::M+H:: 62105::NA::|0::PC(P-18:1(9Z)/20:3(5Z,8Z,11Z))::M+H:: 62133::NA::|0::PC(P-18:1(9Z)/20:3(8Z,11Z,14Z))::M+H:: 62134::NA::|0::PE(P-18:1(9Z)/20:3(8Z,11Z,14Z))::M+H:: 62245::NA::|0::PC(P-20:0/18:4(6Z,9Z,12Z,15Z))::M+H:: 76551::NA::|0::PC(O-18:1(9Z)/20:4(8Z,11Z,14Z,17Z))::M+H::102752::NA::|1::PC(O-18:1(9Z)/20:4(5Z,8Z,11Z,14Z))::M+H:: 40018::NA::|4::PC(P-18:0/18:1(9Z))::M+Na:: 46675::NA::|4::PC(18:2(2E,4E)/O-18:0)[U]::M+Na:: 46699::NA::|4::PC(18:0/P-18:1(11Z))::M+Na:: 59509::NA::|4::PC(18:0/P-18:1(9Z))::M+Na:: 59510::NA::|4::PC(18:1(11Z)/P-18:0)::M+Na:: 59541::NA::|4::PC(18:1(9Z)/P-18:0)::M+Na:: 59573::NA::|4::PC(20:1(11Z)/P-16:0)::M+Na:: 59770::NA::|4::PC(P-16:0/20:1(11Z))::M+Na:: 62046::NA::|4::PC(P-18:0/18:1(11Z))::M+Na:: 62068::NA::"	"M795T6"	"y"
45	""	1.04825338977462	-0.0679874954865892	-0.499923900153212	0.62136469717449	1	"DOWN"	787.600961365468	787.595973685688	787.603544625113	4.6164	4.61259979	4.62896648	5621.63671875	1844.80940149612	429.577531793265	1759.88880121129	468.434168278395	"[16][M]+"	""	19	"6::PC(16:0/19:3(9Z,12Z,15Z))[U]::M+NH4::39353::NA::|6::PC(15:0/20:3(5Z,8Z,11Z))::M+NH4::59397::NA::|6::PC(15:0/20:3(8Z,11Z,14Z))::M+NH4::59398::NA::|6::PC(20:3(5Z,8Z,11Z)/15:0)::M+NH4::59809::NA::|6::PC(20:3(8Z,11Z,14Z)/15:0)::M+NH4::59842::NA::|6::PE(16:1(9Z)/22:2(13Z,16Z))::M+NH4::60404::NA::|6::PE(18:0/20:3(5Z,8Z,11Z))::M+NH4::60424::NA::|6::PE(18:0/20:3(8Z,11Z,14Z))::M+NH4::60425::NA::|6::PE(18:1(11Z)/20:2(11Z,14Z))::M+NH4::60451::NA::|6::PE(18:1(9Z)/20:2(11Z,14Z))::M+NH4::60477::NA::|6::PE(18:2(9Z,12Z)/20:1(11Z))::M+NH4::60505::NA::|6::PE(18:3(6Z,9Z,12Z)/20:0)::M+NH4::60537::NA::|6::PE(18:3(9Z,12Z,15Z)/20:0)::M+NH4::60569::NA::|6::PE(20:0/18:3(6Z,9Z,12Z))::M+NH4::60628::NA::|6::PE(20:0/18:3(9Z,12Z,15Z))::M+NH4::60629::NA::|6::PE(20:1(11Z)/18:2(9Z,12Z))::M+NH4::60654::NA::|6::PE(20:2(11Z,14Z)/18:1(11Z))::M+NH4::60685::NA::|6::PE(20:2(11Z,14Z)/18:1(9Z))::M+NH4::60686::NA::|6::PE(20:3(5Z,8Z,11Z)/18:0)::M+NH4::60717::NA::|6::PE(20:3(8Z,11Z,14Z)/18:0)::M+NH4::60750::NA::|6::PE(22:2(13Z,16Z)/16:1(9Z))::M+NH4::60940::NA::|6::PC(15:1(9Z)/20:2(11Z,14Z))::M+NH4::75732::NA::|6::PC(17:0/18:3(6Z,9Z,12Z))::M+NH4::75786::NA::|6::PC(17:0/18:3(9Z,12Z,15Z))::M+NH4::75787::NA::|6::PC(17:1(9Z)/18:2(9Z,12Z))::M+NH4::75813::NA::|6::PC(17:2(9Z,12Z)/18:1(9Z))::M+NH4::75842::NA::|6::PC(18:1(9Z)/17:2(9Z,12Z))::M+NH4::75882::NA::|6::PC(18:2(9Z,12Z)/17:1(9Z))::M+NH4::75902::NA::|6::PC(18:3(6Z,9Z,12Z)/17:0)::M+NH4::75928::NA::|6::PC(18:3(9Z,12Z,15Z)/17:0)::M+NH4::75959::NA::"	"M788T5_1"	"y"
46	""	1.02243605801568	-0.0320106214866416	-0.48938311136479	0.628682127562584	1	"DOWN"	453.343632934394	453.34250958193	453.344555356504	3.51609994166667	3.49220000666667	3.51994992666667	1572.8779296875	1021.91356818465	123.924369225445	999.488975543324	118.482653879801	""	""	30	"0::::M+NH4::1096141::NA::|4::Pahutoxin::M+NH4::  71411::NA::|4::Solanocapsine::M+Na::  68607::NA::"	"M453T4"	"y"
47	""	1.04187185657876	-0.0591778464773629	-0.484375453685376	0.632308461036749	1	"DOWN"	524.372401028239	524.369832316138	524.374128877344	4.81740841666667	4.81361645666667	4.82111650333333	9822.9453125	11192.1470967765	2221.98899143335	10742.3451608806	2671.23958346777	"[5][M]+"	""	7	"2::PAF C16::M+H::987517::NA::|2::ENANTIO-PAF C16::M+H::987545::NA::|3::PAF C-16::M+H:: 34488::NA::|3::PC(2:0/O-16:0)[U]::M+H:: 40161::NA::|3::enantio-PAF C-16::M+H:: 43413::NA::|3::PC(O-16:0/2:0)::M+H:: 40075::NA::|3::PC(O-16:0/2:0)[S]::M+H:: 40076::NA::|3::PC(O-16:0/2:0)[U]::M+H:: 40077::NA::|3::PC(18:0/0:0)::M+H:: 40292::NA::|3::PC(18:0/0:0)[S]::M+H:: 40293::NA::|3::PC(18:0/0:0)[U]::M+H:: 40294::NA::|3::PC(0:0/18:0)::M+H:: 40342::NA::|3::PC(0:0/18:0)[S]::M+H:: 40343::NA::|3::PC(0:0/18:0)[U]::M+H:: 40344::NA::|3::LysoPC(18:0)::M+H:: 61694::NA::|3::LysoPC(0:0/18:0)::M+H:: 61991::NA::|3::PE(21:0/0:0)::M+H:: 77692::NA::|4::(Z)-2-hexacos-17-enamidoethanesulfonic acid::M+Na::  3739::NA::"	"M524T5"	"y"
48	""	1.07858184909352	0.109135660782827	0.478011382077555	0.636915206265544	1	"UP"	760.587048216279	760.582758250164	760.590081485085	5.70741651333333	5.68781659666667	5.73176662333333	10672.7578125	13707.4094529694	6705.30568257685	14784.5630340658	5111.61405525788	"[11][M]+"	""	5	"3::PC(16:0/18:1(11E))::M+H::39317::NA::|3::PC(16:0/18:1(11Z))[U]::M+H::39319::NA::|3::PC(16:0/18:1(6E))::M+H::39320::NA::|3::PC(16:0/18:1(6Z))::M+H::39321::NA::|3::PC(16:0/18:1(6Z))[U]::M+H::39322::NA::|3::PC(16:0/18:1(9E))::M+H::39323::NA::|3::PC(16:0/18:1(9E))[U]::M+H::39324::NA::|3::PC(16:0/18:1(9Z))[S]::M+H::39325::NA::|3::PC(16:0/18:1(9Z))[U]::M+H::39326::NA::|3::PC(16:1(7Z)/18:0)[U]::M+H::39420::NA::|3::PC(16:1(9Z)/18:0)[U]::M+H::39427::NA::|3::PC(18:1(9E)/16:0)[U]::M+H::39615::NA::|3::PC(18:1(9Z)/16:0)[U]::M+H::39626::NA::|3::PC(14:0/20:1(11Z))::M+H::59329::NA::|3::PC(14:1(9Z)/20:0)::M+H::59361::NA::|3::PC(16:0/18:1(11Z))::M+H::59420::NA::|3::PC(16:0/18:1(9Z))::M+H::59421::NA::|3::PC(16:1(9Z)/18:0)::M+H::59451::NA::|3::PC(18:0/16:1(9Z))::M+H::59483::NA::|3::PC(18:1(11Z)/16:0)::M+H::59514::NA::|3::PC(18:1(9Z)/16:0)::M+H::59547::NA::|3::PC(20:0/14:1(9Z))::M+H::59709::NA::|3::PC(20:1(11Z)/14:0)::M+H::59741::NA::|3::PE(15:0/22:1(13Z))::M+H::60351::NA::|3::PE(22:1(13Z)/15:0)::M+H::60905::NA::|3::PC(12:0/22:1(11Z))::M+H::75615::NA::|3::PC(15:0/19:1(9Z))::M+H::75699::NA::|3::PC(15:1(9Z)/19:0)::M+H::75728::NA::|3::PC(17:0/17:1(9Z))::M+H::75783::NA::|3::PC(17:1(9Z)/17:0)::M+H::75809::NA::"	"M761T6"	"y"
49	""	1.05302318191724	0.0745371971128285	0.446253941139085	0.659160689451678	1	"UP"	132.102249354578	132.101711116697	132.102985967583	0.969741667	0.888316679333333	0.977066671666667	2302.97265625	2639.74008871686	877.983916327952	2779.70750765513	778.723445901726	""	""	26	"0::D-LEUCINE::M+H::989742::NA::|0::D-ISOLEUCINE::M+H::989780::NA::|3::L-Isoleucine::M+H::    23::NA::|3::L-Leucine::M+H::    24::NA::|3::aminocaproic acid::M+H::  3926::NA::|3::L-Norleucine::M+H::  6334::NA::|3::2S-Amino-3S-methylpentanoic acid::M+H:: 45881::NA::|3::2-Amino-4-methylpentanoic acid::M+H:: 45882::NA::|3::L-Alloisoleucine::M+H:: 58006::NA::|3::DL-&beta;-Leucine::M+H:: 64934::NA::|3::beta-Alaninebetaine::M+H:: 66871::NA::|3::Isoleucine::M+H:: 71198::NA::|3::N,N-Diethylglycine::M+H:: 71280::NA::|3::1-nitrohexane::M+H:: 85268::NA::|3::3-Aminocaproic acid::M+H:: 86059::NA::|3::6-Deoxyfagomine::M+H:: 91525::NA::|3::L-Alanine, N-propyl-::M+H::  2074::NA::|3::Isohydrosorbic acid::M+NH4:: 34699::NA::|3::Hydrosorbic acid::M+NH4:: 34700::NA::|3::&gamma;-hexenoic acid::M+NH4:: 34701::NA::|3::&delta;-hexenoic acid::M+NH4:: 34702::NA::|3::Adipaldehyde::M+NH4:: 36530::NA::|3::4-hydroxy Hexenal::M+NH4:: 36538::NA::|3::&epsilon;-Captrolactone::M+NH4:: 44809::NA::|3::cis-hex-3-enoic acid::M+NH4:: 45785::NA::|3::2Z-Hexenoic acid::M+NH4:: 45795::NA::|3::&gamma;-Caprolactone::M+NH4:: 58178::NA::|3::2-Hydroxycyclohexan-1-one::M+NH4:: 65563::NA::|3::3-Hydroxycyclohexanone::M+NH4:: 65937::NA::|3::4-hydroxyhexenal::M+NH4:: 75299::NA::"	"M132T1"	"y"
50	""	1.03001899107245	0.042670937479821	0.415652645586158	0.681084059683416	1	"UP"	523.360105990241	523.356532084186	523.36414827369	4.72126669333333	4.71846654666667	4.72491669	2832.01171875	2347.13606320606	436.618427716532	2417.59471973327	460.055463002758	"[4][M+1]+"	""	9	""	"M523T5"	"n"
51	""	1.03164943965262	0.0449528180541736	0.402626964405274	0.690637878114487	1	"UP"	576.467222078567	576.466371868922	576.469195402438	5.21861689	5.21421650333333	5.22408324	709.14501953125	731.0837424002	166.182689874579	754.222133186305	136.45587098633	""	""	24	"9::DG(14:1(9Z)/18:4(6Z,9Z,12Z,15Z)/0:0)::M+NH4::58683::NA::|9::DG(18:4(6Z,9Z,12Z,15Z)/14:1(9Z)/0:0)::M+NH4::58867::NA::|9::DG(12:0/20:5(5Z,8Z,11Z,14Z,17Z)/0:0)[iso2]::M+NH4::98363::NA::"	"M576T5"	"y"
52	""	1.09435298551702	-0.130078157066723	-0.400034496552422	0.69240155368976	1	"DOWN"	782.571830689002	782.567990176737	782.575015290247	5.38726643333333	5.30089987	5.42011676333333	8225.765625	17512.2725273736	9841.14712862932	16002.3984574776	10128.815129118	"[13][M]+"	""	12	"3::PC(16:0/20:4(5Z,8Z,11Z,14Z))::M+H::39120::NA::|3::PC(16:0/20:4(5E,8E,11E,14E))::M+H::39370::NA::|3::PC(16:0/20:4(5E,8E,11E,14E))[U]::M+H::39371::NA::|3::PC(16:0/20:4(5Z,8Z,11Z,14Z))[U]::M+H::39372::NA::|3::PC(18:0/18:4(5Z,8Z,11Z,14Z))[U]::M+H::39513::NA::|3::PC(18:0/18:4(9E,11E,13E,15E))::M+H::39515::NA::|3::PC(18:0/18:4(9E,11E,13E,15E))[U]::M+H::39516::NA::|3::PC(18:0/18:4(9E,11E,13Z,15Z))[U]::M+H::39517::NA::|3::PC(18:1(9Z)/18:3(6Z,9Z,12Z))[U]::M+H::39638::NA::|3::PC(18:1(9Z)/18:3(9Z,12Z,15Z))[U]::M+H::39640::NA::|3::PC(18:2(15E,17E)/18:2(15E,17E))[U]::M+H::39659::NA::|3::PC(18:2(2E).4/18:2(2E,4E))[S]::M+H::39660::NA::|3::PC(18:2(2E,4E)/18:2(2E,4E))::M+H::39662::NA::|3::PC(18:2(2E,4E)/18:2(2E,4E))[S]::M+H::39663::NA::|3::PC(18:2(2E,4E)/18:2(2E,4E))[U]::M+H::39664::NA::|3::PC(18:2(2Z,4Z)/18:2(2Z,4Z))::M+H::39665::NA::|3::PC(18:2(5Z,9Z)/18:2(5Z,9Z))[U]::M+H::39666::NA::|3::PC(18:2(6Z,9Z)/18:2(6Z,9Z))::M+H::39668::NA::|3::PC(18:2(6Z,9Z)/18:2(6Z,9Z))[U]::M+H::39669::NA::|3::PC(18:2(9E,12Z)/18:2(9E,12Z))[U]::M+H::39670::NA::|3::PC(18:2(9Z,11Z)/18:2(9Z,11Z))::M+H::39671::NA::|3::PC(18:2(9Z,12Z)/18:2(9Z,12Z))[S]::M+H::39679::NA::|3::PC(18:2(9Z,12Z)/18:2(9Z,12Z))[U]::M+H::39680::NA::|3::PC(18:3(6Z,9Z,12Z)/18:1(9Z))[U]::M+H::39690::NA::|3::PC(20:4(5Z,8Z,11Z,14Z)/16:0)[U]::M+H::39791::NA::|3::PC(20:4(8E,11E,14E,17E)/16:0)::M+H::39797::NA::|3::PC(14:0/22:4(7Z,10Z,13Z,16Z))::M+H::59339::NA::|3::PC(16:0/20:4(8Z,11Z,14Z,17Z))::M+H::59431::NA::|3::PC(16:1(9Z)/20:3(5Z,8Z,11Z))::M+H::59461::NA::|3::PC(16:1(9Z)/20:3(8Z,11Z,14Z))::M+H::59462::NA::"	"M783T5"	"y"
53	""	1.12317826323672	0.167586920683855	0.398970850280251	0.693473748245605	1	"UP"	785.655389111695	785.650978497401	785.657844626461	6.31626658666667	6.20550014	6.47708342	1366.9716796875	3948.77469085195	2689.15862781372	4435.17789918421	3684.67366105834	""	""	34	" 3::SM(d16:1/24:1(15Z))::M+H:: 62431::NA::| 3::SM(d16:1/24:1)::M+H:: 83771::NA::| 3::SM(d18:1/22:1)::M+H:: 83772::NA::| 3::SM(d18:2/22:0)::M+H:: 83792::NA::| 3::1-(10-methylhexadecanyl)-2-(8-[3]-ladderane-octanyl)-sn-glycerophosphocholine::M+NH4:: 46682::NA::| 8::GlcCer(d18:2/21:0)::M+NH4:: 83811::NA::| 8::GalCer(d18:2/21:0)::M+NH4:: 83839::NA::|10::TG(13:0/13:0/19:1(9Z))[iso3]::M+Na:: 98566::NA::|10::TG(14:0/14:0/17:1(9Z))[iso3]::M+Na:: 98618::NA::|10::TG(15:0/15:0/15:1(9Z))[iso3]::M+Na:: 98730::NA::|10::TG(12:0/13:0/20:1(11Z))[iso6]::M+Na:: 99050::NA::|10::TG(12:0/14:0/19:1(9Z))[iso6]::M+Na:: 99078::NA::|10::TG(12:0/14:1(9Z)/19:0)[iso6]::M+Na:: 99106::NA::|10::TG(12:0/15:0/18:1(9Z))[iso6]::M+Na:: 99129::NA::|10::TG(12:0/15:1(9Z)/18:0)[iso6]::M+Na:: 99155::NA::|10::TG(12:0/16:0/17:1(9Z))[iso6]::M+Na:: 99179::NA::|10::TG(12:0/16:1(9Z)/17:0)[iso6]::M+Na:: 99202::NA::|10::TG(13:0/14:0/18:1(9Z))[iso6]::M+Na:: 99536::NA::|10::TG(13:0/14:1(9Z)/18:0)[iso6]::M+Na:: 99564::NA::|10::TG(13:0/15:0/17:1(9Z))[iso6]::M+Na:: 99590::NA::|10::TG(13:0/15:1(9Z)/17:0)[iso6]::M+Na:: 99616::NA::|10::TG(13:0/16:0/16:1(9Z))[iso6]::M+Na:: 99641::NA::|10::TG(14:0/14:1(9Z)/17:0)[iso6]::M+Na:: 99996::NA::|10::TG(14:0/15:0/16:1(9Z))[iso6]::M+Na::100023::NA::|10::TG(14:0/15:1(9Z)/16:0)[iso6]::M+Na::100049::NA::|10::TG(14:1(9Z)/15:0/16:0)[iso6]::M+Na::100428::NA::"	"M786T6_2"	"y"
54	""	1.3774175906887	0.46196600659227	-0.398349121658755	0.694206850131636	1	"UP"	811.671394873035	811.665694022934	811.674298470209	6.46238325166667	6.41718311666667	6.51354988666667	259.984130859375	191.267031459368	89.6207180288217	173.482373946773	140.974196366864	""	""	47	"3::SM(d18:2/24:1)::M+H:: 83780::NA::|6::SM(d18:0/22:0)::M+Na:: 41596::NA::|9::TG(13:0/17:1(9Z)/17:1(9Z))[iso3]::M+Na:: 98588::NA::|9::TG(14:1(9Z)/14:1(9Z)/19:0)[iso3]::M+Na:: 98685::NA::|9::TG(15:0/15:0/17:2(9Z,12Z))[iso3]::M+Na:: 98735::NA::|9::TG(15:0/16:1(9Z)/16:1(9Z))[iso3]::M+Na:: 98760::NA::|9::TG(15:1(9Z)/15:1(9Z)/17:0)[iso3]::M+Na:: 98786::NA::|9::TG(12:0/13:0/22:2(13Z,16Z))[iso6]::M+Na:: 99058::NA::|9::TG(12:0/15:0/20:2(11Z,14Z))[iso6]::M+Na:: 99138::NA::|9::TG(12:0/15:1(9Z)/20:1(11Z))[iso6]::M+Na:: 99164::NA::|9::TG(12:0/16:1(9Z)/19:1(9Z))[iso6]::M+Na:: 99212::NA::|9::TG(12:0/17:0/18:2(9Z,12Z))[iso6]::M+Na:: 99231::NA::|9::TG(12:0/17:1(9Z)/18:1(9Z))[iso6]::M+Na:: 99253::NA::|9::TG(12:0/17:2(9Z,12Z)/18:0)[iso6]::M+Na:: 99274::NA::|9::TG(13:0/14:0/20:2(11Z,14Z))[iso6]::M+Na:: 99545::NA::|9::TG(13:0/14:1(9Z)/20:1(11Z))[iso6]::M+Na:: 99573::NA::|9::TG(13:0/15:1(9Z)/19:1(9Z))[iso6]::M+Na:: 99626::NA::|9::TG(13:0/16:0/18:2(9Z,12Z))[iso6]::M+Na:: 99647::NA::|9::TG(13:0/16:1(9Z)/18:1(9Z))[iso6]::M+Na:: 99671::NA::|9::TG(13:0/17:0/17:2(9Z,12Z))[iso6]::M+Na:: 99693::NA::|9::TG(14:0/14:1(9Z)/19:1(9Z))[iso6]::M+Na::100006::NA::|9::TG(14:0/15:0/18:2(9Z,12Z))[iso6]::M+Na::100029::NA::|9::TG(14:0/15:1(9Z)/18:1(9Z))[iso6]::M+Na::100055::NA::|9::TG(14:0/16:0/17:2(9Z,12Z))[iso6]::M+Na::100079::NA::|9::TG(14:0/16:1(9Z)/17:1(9Z))[iso6]::M+Na::100103::NA::|9::TG(14:1(9Z)/15:0/18:1(9Z))[iso6]::M+Na::100434::NA::|9::TG(14:1(9Z)/15:1(9Z)/18:0)[iso6]::M+Na::100460::NA::|9::TG(14:1(9Z)/16:0/17:1(9Z))[iso6]::M+Na::100484::NA::|9::TG(14:1(9Z)/16:1(9Z)/17:0)[iso6]::M+Na::100508::NA::|9::TG(15:0/15:1(9Z)/17:1(9Z))[iso6]::M+Na::100836::NA::"	"M812T6_2"	"y"
55	""	1.08392560844084	-0.116265745606623	-0.390978429993371	0.699010822460966	1	"DOWN"	781.560256766435	781.555174599487	781.564951270012	5.255791675	5.2459832	5.27084993333333	4241.55859375	3222.84270574998	1740.0067621523	2973.30617586001	1635.60695004174	"[12][M+1]+"	""	13	""	"M782T5"	"n"
56	""	1.04541526042507	0.0640761242716219	0.388817468064474	0.701146128323295	1	"UP"	207.092551584143	207.091965289179	207.093367152167	2.357975015	2.35418336	2.36516661666667	969.46337890625	1762.24320078835	650.188987849299	1842.27593468446	412.812560052466	""	""	20	""	"M207T2"	"n"
57	""	1.02649877852022	-0.0377319107159985	-0.384872185878501	0.703700788868014	1	"DOWN"	340.255377523343	340.253514635862	340.257815360657	3.60643339	3.55561668333333	3.61006669	2909.5703125	1806.20389586809	362.179547864468	1759.57724808195	272.585853100028	"[1][M]2+"	""	21	"0::1-(8-[5]-ladderane-octanyl)-2-(8-[3]-ladderane-octanyl)-sn-glycerol::M+2Na::75571::NA::"	"M340T4"	"y"
58	""	1.10935203633303	0.149717255922626	0.365352219586301	0.717814328177842	1	"UP"	787.671250687288	787.669053957646	787.674581241451	4.9727333	4.89248321333333	5.06121656	1516.0048828125	4848.74778384858	3951.93961607628	5378.96822767771	3724.01432880006	""	""	32	" 3::SM(d18:1/22:0)::M+H:: 41589::NA::| 3::SM(d16:1/24:0)::M+H:: 83773::NA::| 7::GlcCer(d16:1/23:0)::M+NH4:: 83806::NA::| 7::GalCer(d16:1/23:0)::M+NH4:: 83828::NA::|10::TG(15:0/15:0/15:0)::M+Na:: 98480::NA::|10::TG(12:0/12:0/21:0)[iso3]::M+Na:: 98510::NA::|10::TG(13:0/13:0/19:0)[iso3]::M+Na:: 98565::NA::|10::TG(13:0/16:0/16:0)[iso3]::M+Na:: 98585::NA::|10::TG(14:0/14:0/17:0)[iso3]::M+Na:: 98617::NA::|10::TG(12:0/13:0/20:0)[iso6]::M+Na:: 99049::NA::|10::TG(12:0/14:0/19:0)[iso6]::M+Na:: 99077::NA::|10::TG(12:0/15:0/18:0)[iso6]::M+Na:: 99128::NA::|10::TG(12:0/16:0/17:0)[iso6]::M+Na:: 99178::NA::|10::TG(13:0/14:0/18:0)[iso6]::M+Na:: 99535::NA::|10::TG(13:0/15:0/17:0)[iso6]::M+Na:: 99589::NA::|10::TG(14:0/15:0/16:0)[iso6]::M+Na::100022::NA::"	"M788T5_2"	"y"
59	""	1.03793693967633	-0.0537187947749363	-0.364241771978465	0.719190334091756	1	"DOWN"	526.431027727489	526.425625548133	526.434968909363	4.80659996	4.79918354666667	4.81386672333333	1549.1455078125	885.804169268599	282.244690219852	853.427732849386	175.929107328236	""	""	31	""	"M526T5"	"n"
60	""	1.03382401559444	-0.047990621399917	-0.356108836401099	0.724988920024457	1	"DOWN"	788.60528786619	788.600661918137	788.609201990909	4.61631683	4.61273357	4.62896648	2820.404296875	962.05934756406	188.052027292987	930.583284052349	272.052878226484	"[16][M+1]+"	""	19	""	"M789T5"	"n"
61	""	1.04197632401675	0.0593224967990619	0.309863773697116	0.759352928406408	1	"UP"	189.069296284711	189.068175809745	189.070661599188	2.36151671333333	2.35104992333333	2.36899998666667	4014.240234375	5746.23551532735	2346.63944394075	5987.44135919526	1725.26218385881	""	""	20	"0::Carbimazole::M+H:: 1519::NA::|0::4-Toluenesulfonamide::M+NH4::70041::NA::|0::2-(4-Methyl-5-thiazolyl)ethyl formate::M+NH4::88444::NA::|0::o-Toluenesulfamide::M+NH4:: 3056::NA::|9::3-(4-Methyl-3-pentenyl)thiophene::M+Na::92919::NA::"	"M189T2"	"y"
62	""	1.01937298776271	-0.0276820290670171	-0.305435017653673	0.763326332438783	1	"DOWN"	570.459648441528	570.458630586693	570.461012761917	4.80659996	4.80279987666667	4.81131673333333	764.431640625	928.754438788997	97.0866604047927	911.103639137429	193.20512761384	""	""	31	""	"M570T5"	"n"
63	""	1.03226675744821	0.0458158388979163	0.297309296565477	0.768593890301289	1	"UP"	532.413475691771	532.410342910943	532.418771025168	5.218625135	5.21265016333333	5.22408324	1088.607421875	915.833127803465	265.668627561856	945.384093201339	260.250729544085	"[6][M+1]+"	""	24	""	"M532T5"	"n"
64	""	1.04006006333427	-0.0566668462243841	-0.288541539715653	0.775230502928096	1	"DOWN"	992.684004741788	992.680203297555	992.689307969621	4.69646668333333	4.69583313	4.69966680333333	8642.078125	4380.51813078451	1504.29625799986	4210.63826455589	1609.32400690176	"[22][M+1]+"	""	1	""	"M993T5"	"n"
65	""	1.06748165984896	0.0942112834548957	0.272339355211169	0.787534923327661	1	"UP"	759.574342202562	759.571116854528	759.579987559751	5.47160009333333	5.43540003333333	5.52170004333333	3968.810546875	6614.85157451435	4554.19117544746	7061.23273841706	4107.39514135425	"[10][M+1]+"	""	10	""	"M760T5"	"n"
66	""	1.04526837505048	0.0638734051244027	0.262736026793024	0.794846457037551	1	"UP"	166.086623750507	166.081691448383	166.087347428572	1.472683315	1.46885002333333	1.48366668333333	1089.568359375	1793.1063633889	858.284836746134	1874.27737475219	774.342491924148	""	""	38	"2::L-Phenylalanine::M+H::    28::NA::|2::benzocaine::M+H::  3934::NA::|2::D-Phenylalanine::M+H:: 63528::NA::|2::DL-Phenylalanine::M+H:: 65707::NA::|2::Tricaine::M+H:: 72021::NA::|2::Metolcarb::M+H:: 72521::NA::|2::4-Hydroxy-1-(3-pyridinyl)-1-butanone::M+H:: 73234::NA::|2::5-(3-Pyridyl)-2-hydroxytetrahydrofuran::M+H:: 73241::NA::|2::Gentiatibetine::M+H:: 89305::NA::|2::Ethyl 2-aminobenzoate::M+H:: 89395::NA::|2::Methyl N-methylanthranilate::M+H:: 89753::NA::|2::N-(4-Hydroxyphenyl)propanamide::M+H::   855::NA::|2::2-amino-4'-hydroxy-Propiophenone::M+H::  2018::NA::|2::2-Propylisonicotinic acid::M+H::  2183::NA::|2::4-(3-Pyridyl)-butanoic acid::M+H::  5937::NA::|2::N-Ethylanthranilic acid::M+H::988628::NA::|2::Ethenzamide::M+H::990876::NA::|3::Cinnamic acid::M+NH4::   310::NA::|3::4-Hydroxycinnamyl aldehyde::M+NH4:: 44643::NA::|3::3-Isochromanone::M+NH4:: 44717::NA::|3::trans-Cinnamic acid::M+NH4:: 63104::NA::|3::Pyruvophenone::M+NH4:: 63534::NA::|3::Dihydrocoumarin::M+NH4:: 65745::NA::|3::3-Hydroxy-1-indanone::M+NH4:: 66724::NA::|3::(E)-3-(2-Hydroxyphenyl)-2-propenal::M+NH4:: 87897::NA::|3::Di-2-furanylmethane::M+NH4:: 88849::NA::"	"M166T1"	"y"
67	""	1.05885896966191	0.0825104483306863	0.254021975598037	0.80195028643359	1	"UP"	783.574839766024	783.570259354842	783.579417672004	5.38401675	5.30078310666667	5.42021661333333	4347.04296875	6660.00382142155	2920.04460467559	7052.00478429479	4981.25373882852	"[13][M+1]+"	""	12	""	"M784T5"	"n"
68	""	1.03744886127553	0.0530402237824495	0.23883003550363	0.813142229639995	1	"UP"	701.560576733199	701.556972313086	701.563296647417	5.28519992	5.27689976333333	5.35800021666667	1591.638671875	2135.32845095057	825.415847565518	2215.29406988792	942.428873942437	"[9][M]+"	""	29	"2::SM(d16:1/18:1)::M+H:: 83741::NA::|2::SM(d18:1/16:1)::M+H:: 83742::NA::|2::SM(d18:2/16:0)::M+H:: 83790::NA::|2::PE-Cer(d14:2(4E,6E)/23:0)::M+H::103080::NA::|2::PE-Cer(d15:2(4E,6E)/22:0)::M+H::103084::NA::|2::PE-Cer(d16:2(4E,6E)/21:0)::M+H::103096::NA::|2::1-tetradecanyl-2-(8-[3]-ladderane-octanyl)-sn-glycerophosphoethanolamine::M+NH4:: 46709::NA::|4::lanosteryl palmitoleate::M+K:: 57689::NA::|4::episteryl oleate::M+K:: 57712::NA::|4::fecosteryl oleate::M+K:: 57716::NA::|4::Campesteryl linoleate::M+K:: 91432::NA::|4::18:2 Campesteryl ester::M+K::103384::NA::"	"M702T5"	"y"
69	""	1.03578745669185	0.050727992758815	0.235826610338901	0.815488394164546	1	"UP"	675.544077374926	675.541787955197	675.549258492901	5.273408525	5.26801648666667	5.35483310666667	1341.6103515625	1829.92512664778	657.208950162245	1895.41349286702	804.795576980258	""	""	35	"1::SM(d18:1/14:0)::M+H:: 53976::NA::|1::SM(d16:1/16:0)::M+H:: 83737::NA::|1::PE-Cer(d14:1(4E)/21:0)::M+H::103046::NA::|1::PE-Cer(d15:1(4E)/20:0)::M+H::103055::NA::|1::PE-Cer(d16:1(4E)/19:0)::M+H::103060::NA::|5::1-(O-alpha-D-glucopyranosyl)-29-keto-(1,3R,31R)-dotriacontanetriol::M+H:: 46604::NA::|5::1-(O-alpha-D-mannopyranosyl)-29-keto-(1,3R,31R)-dotriacontanetriol::M+H:: 46605::NA::|6::17:1 Cholesteryl ester::M+K:: 41718::NA::|6::16:1 Campesteryl ester::M+K::103374::NA::"	"M676T5"	"y"
70	""	1.03005129337951	-0.0427161809635551	-0.233284432744826	0.817389988554187	1	"DOWN"	120.081155462891	120.077705694851	120.081514993858	1.47615837833333	1.46898338666667	1.48366668333333	1235.2890625	2345.84813192083	818.276175463917	2277.4090445771	731.684874048161	""	""	38	""	"M120T1"	"n"
71	""	1.01847593038163	-0.0264118855277729	-0.226734387534974	0.822771869204339	1	"DOWN"	991.678525163924	991.675228689774	991.682371631628	4.69646668333333	4.69504989	4.70008353	16130.9296875	8781.56837166958	1369.42461286669	8622.26402186949	2244.05828868337	"[22][M]+"	""	1	"4:: L-Thyroxine glucuronide::M+K::987::NA::"	"M992T5"	"y"
72	""	1.04324763511825	0.0610816502375084	0.221592370411254	0.826478597817253	1	"UP"	806.571692450074	806.566007165728	806.574156553445	5.31268353333333	5.23466686333333	5.33298319666667	8484.6875	11122.8448963401	4941.41011930899	11603.8816338939	6446.45527707829	"[18][M]+"	""	11	"3::PC(16:0/22:6(3Z,6Z,9Z,12Z,15Z,18))[U]::M+H::39390::NA::|3::PC(16:0/22:6(4E,7E,10E,13E,16E,19E))::M+H::39391::NA::|3::PC(16:0/22:6(4E,7E,10E,13E,16E,19E))[U]::M+H::39392::NA::|3::PC(16:0/22:6(4Z,7Z,10Z,13Z,16Z,19Z))[S]::M+H::39394::NA::|3::PC(16:0/22:6(4Z,7Z,10Z,13Z,16Z,19Z))[U]::M+H::39395::NA::|3::PC(18:1(9Z)/20:5(5Z,8Z,11Z,14Z,17Z))[U]::M+H::39649::NA::|3::PC(18:2(9Z,12Z)/20:4(5Z,8Z,11Z,14Z))[U]::M+H::39685::NA::|3::PC(20:4(5Z,8Z,11Z,14Z)/18:2(9Z,12Z))[U]::M+H::39792::NA::|3::PC(22:6(4E,7E,10E,13E,16E,19E)/16:0)::M+H::39856::NA::|3::PC(22:6(4Z,7Z,10Z,13Z,16Z,19Z)/16:0)[U]::M+H::39858::NA::|3::PC(16:0/22:6(4Z,7Z,10Z,13Z,16Z,19Z))::M+H::59439::NA::|3::PC(16:1(9Z)/22:5(4Z,7Z,10Z,13Z,16Z))::M+H::59470::NA::|3::PC(16:1(9Z)/22:5(7Z,10Z,13Z,16Z,19Z))::M+H::59472::NA::|3::PC(18:1(11Z)/20:5(5Z,8Z,11Z,14Z,17Z))::M+H::59530::NA::|3::PC(18:1(9Z)/20:5(5Z,8Z,11Z,14Z,17Z))::M+H::59562::NA::|3::PC(18:2(9Z,12Z)/20:4(5Z,8Z,11Z,14Z))::M+H::59593::NA::|3::PC(18:2(9Z,12Z)/20:4(8Z,11Z,14Z,17Z))::M+H::59594::NA::|3::PC(18:3(6Z,9Z,12Z)/20:3(5Z,8Z,11Z))::M+H::59624::NA::|3::PC(18:3(6Z,9Z,12Z)/20:3(8Z,11Z,14Z))::M+H::59625::NA::|3::PC(18:3(9Z,12Z,15Z)/20:3(5Z,8Z,11Z))::M+H::59657::NA::|3::PC(18:3(9Z,12Z,15Z)/20:3(8Z,11Z,14Z))::M+H::59658::NA::|3::PC(18:4(6Z,9Z,12Z,15Z)/20:2(11Z,14Z))::M+H::59689::NA::|3::PC(20:2(11Z,14Z)/18:4(6Z,9Z,12Z,15Z))::M+H::59785::NA::|3::PC(20:3(5Z,8Z,11Z)/18:3(6Z,9Z,12Z))::M+H::59816::NA::|3::PC(20:3(5Z,8Z,11Z)/18:3(9Z,12Z,15Z))::M+H::59817::NA::|3::PC(20:3(8Z,11Z,14Z)/18:3(6Z,9Z,12Z))::M+H::59849::NA::|3::PC(20:3(8Z,11Z,14Z)/18:3(9Z,12Z,15Z))::M+H::59850::NA::|3::PC(20:4(5Z,8Z,11Z,14Z)/18:2(9Z,12Z))::M+H::59880::NA::|3::PC(20:4(8Z,11Z,14Z,17Z)/18:2(9Z,12Z))::M+H::59913::NA::|3::PC(20:5(5Z,8Z,11Z,14Z,17Z)/18:1(11Z))::M+H::59944::NA::"	"M807T5"	"y"
73	""	1.01747514599886	-0.0249935540176855	-0.213070091049034	0.832935170820573	1	"DOWN"	226.952282165279	226.951612139027	226.952877775788	0.446891665333333	0.445083318333333	0.45053333	1140.9765625	1746.92555488372	377.162460152552	1716.92209068041	367.902929377873	""	""	40	"6::2,5-Dichloro-4-oxohex-2-enedioate::M+H::69492::NA::|8::2-Chloro-5-methyl-cis-dienelactone::M+K::72140::NA::|8::3-Chloro-2-methyldienelactone::M+K::72145::NA::"	"M227T0"	"y"
74	""	1.05692896716058	0.0798784210264397	0.195518624872506	0.846706032854101	1	"UP"	758.571090500508	758.567024862988	758.575011141952	5.47386663666667	5.4348168	5.55038318333333	8492.71875	11177.74566381	6872.364982577	11814.0831796344	10053.144149808	"[10][M]+"	""	10	"2::PE-NMe(18:1(9E)/18:1(9E))::M+H::40727::NA::|2::PE-NMe(18:1(9Z)/18:1(9Z))[U]::M+H::40729::NA::|2::PE-NMe(18:1(9Z)/18:1(9Z))::M+H::40734::NA::|2::PE-NMe(18:1(9E)/18:1(9E))[U]::M+H::40746::NA::|2::PC(16:0/18:2(10E,12Z))::M+H::39327::NA::|2::PC(16:0/18:2(11Z,13Z))::M+H::39328::NA::|2::PC(16:0/18:2(2E,4E))::M+H::39329::NA::|2::PC(16:0/18:2(2Z,4Z))::M+H::39330::NA::|2::PC(16:0/18:2(6Z,9Z))::M+H::39331::NA::|2::PC(16:0/18:2(9E,11E))::M+H::39332::NA::|2::PC(16:0/18:2(9E,11Z))::M+H::39333::NA::|2::PC(16:0/18:2(9E,12E))::M+H::39334::NA::|2::PC(16:0/18:2(9E,12E))[U]::M+H::39335::NA::|2::PC(16:0/18:2(9Z,12Z))[S]::M+H::39337::NA::|2::PC(16:0/18:2(9Z,12Z))[U]::M+H::39338::NA::|2::PC(16:1(2Z)/18:1(9Z))::M+H::39419::NA::|2::PC(16:1(7Z)/18:1(9Z))[U]::M+H::39421::NA::|2::PC(16:1(9Z)/18:1(9Z))[U]::M+H::39430::NA::|2::PC(17:1(10E)/17:1(10E))[U]::M+H::39467::NA::|2::PC(17:1(10Z)/17:1(10Z))::M+H::39468::NA::|2::PC(17:1(9Z)/17:1(9Z))::M+H::39469::NA::|2::PC(18:0/16:2(2E,4E))::M+H::39486::NA::|2::PC(18:1(9Z)/16:1(3E))[U]::M+H::39627::NA::|2::PC(18:2(2E,4E)/16:0)::M+H::39661::NA::|2::PC(18:2(6Z,9Z)/16:0)::M+H::39667::NA::|2::PC(18:2(9Z,12Z)/16:0)[U]::M+H::39674::NA::|2::PC(14:0/20:2(11Z,14Z))::M+H::59330::NA::|2::PC(14:1(9Z)/20:1(11Z))::M+H::59362::NA::|2::PC(16:0/18:2(9Z,12Z))::M+H::59422::NA::|2::PC(16:1(9Z)/18:1(11Z))::M+H::59452::NA::"	"M759T5"	"y"
75	""	1.02651445270141	0.0377539398613942	0.190176988545809	0.850651417125444	1	"UP"	118.086837477867	118.086451497385	118.087216167631	0.586333322333333	0.490116679	0.590183318	1050.5009765625	1277.08530708897	483.094516920791	1310.94652505945	458.748624965038	""	""	37	"5::4R-aminopentanoic acid::M+H:: 35940::NA::|5::4S-aminopentanoic acid::M+H:: 35941::NA::|5::4-amino-pentanoic acid::M+H:: 35942::NA::|5::L-Valine::M+H::    35::NA::|5::Betaine::M+H::   287::NA::|5::isoamyl nitrite::M+H::  6762::NA::|5::5-Aminopentanoic acid::M+H::  6902::NA::|5::2S-amino-pentanoic acid::M+H:: 35949::NA::|5::4-Methylaminobutyrate::M+H:: 63884::NA::|5::2-Amino-2-methylbutanoate::M+H:: 66000::NA::|5::Valine::M+H:: 71199::NA::|5::Pentanoic acid, 4-amino-, (R)-; Valeric acid, 4-amino-, (R)-(+)-; (R)-(+)-4-Aminovaleric acid; (R)-4-Aminopentanoic acid::M+H:: 74874::NA::|5::Pentanoic acid, 4-amino-, (S)-; (S)-4-Aminopentanoic acid; (S)-4-Aminovaleric acid::M+H:: 74875::NA::|5::Pentanoic acid, 4-amino-, (1)-; Valeric acid, 4-amino-, (1)-; (1)-4-Aminopentanoic acid; (RS)-4-Aminopentanoic acid; (RS)-4-Methyl-gamma-aminobutyric acid::M+H:: 74876::NA::|5::2-Amino-3-methylbutanoic acid::M+H:: 74879::NA::|5::L-Norvaline::M+H::263498::NA::|5::Norvaline::M+H:: 85259::NA::|5::N-Methyl-a-aminoisobutyric acid::M+H::  6508::NA::|5::D-VALINE::M+H::989779::NA::|5::3-Methyl-GABA::M+H::991148::NA::|6::&beta;-ethyl acrylic acid::M+NH4:: 34696::NA::|6::&beta;-penteic acid::M+NH4:: 34697::NA::|6::Allyl acetic acid::M+NH4:: 34698::NA::|6::Glutaral (Glutaraldehyde)::M+NH4::  3128::NA::|6::Tiglic acid::M+NH4:: 34552::NA::|6::5-Valerolactone::M+NH4:: 65736::NA::|6::Methyl methacrylate::M+NH4:: 70128::NA::|6::Pentane-2,4-dione::M+NH4:: 70947::NA::|6::Ethyl acrylate::M+NH4:: 72961::NA::|6::Dihydro-2-methyl-3(2H)-furanone::M+NH4:: 87471::NA::"	"M118T1"	"y"
76	""	1.05928723378861	-0.08309384010903	-0.176301488736694	0.861511899413273	1	"DOWN"	813.688412809605	813.685879983813	813.691485119499	4.91516657333333	4.83906668666667	5.2311001	5817.44921875	9015.11821831519	8484.78906750419	8510.55118078974	6532.94838001809	"[20][M]+"	""	17	"5::SM(d18:1/24:1(15Z))::M+H:: 41590::NA::|5::SM(d18:2/24:0)::M+H:: 83781::NA::|5::GlcCer(d18:2/23:0)::M+NH4:: 83813::NA::|5::GalCer(d18:2/23:0)::M+NH4:: 83841::NA::|7::TG(14:0/14:0/19:1(9Z))[iso3]::M+Na:: 98627::NA::|7::TG(15:0/15:0/17:1(9Z))[iso3]::M+Na:: 98734::NA::|7::TG(15:1(9Z)/16:0/16:0)[iso3]::M+Na:: 98811::NA::|7::TG(12:0/13:0/22:1(11Z))[iso6]::M+Na:: 99057::NA::|7::TG(12:0/14:1(9Z)/21:0)[iso6]::M+Na:: 99114::NA::|7::TG(12:0/15:0/20:1(11Z))[iso6]::M+Na:: 99137::NA::|7::TG(12:0/15:1(9Z)/20:0)[iso6]::M+Na:: 99163::NA::|7::TG(12:0/16:0/19:1(9Z))[iso6]::M+Na:: 99187::NA::|7::TG(12:0/16:1(9Z)/19:0)[iso6]::M+Na:: 99211::NA::|7::TG(12:0/17:0/18:1(9Z))[iso6]::M+Na:: 99230::NA::|7::TG(12:0/17:1(9Z)/18:0)[iso6]::M+Na:: 99252::NA::|7::TG(13:0/14:0/20:1(11Z))[iso6]::M+Na:: 99544::NA::|7::TG(13:0/14:1(9Z)/20:0)[iso6]::M+Na:: 99572::NA::|7::TG(13:0/15:0/19:1(9Z))[iso6]::M+Na:: 99599::NA::|7::TG(13:0/15:1(9Z)/19:0)[iso6]::M+Na:: 99625::NA::|7::TG(13:0/16:0/18:1(9Z))[iso6]::M+Na:: 99646::NA::|7::TG(13:0/16:1(9Z)/18:0)[iso6]::M+Na:: 99670::NA::|7::TG(13:0/17:0/17:1(9Z))[iso6]::M+Na:: 99692::NA::|7::TG(14:0/14:1(9Z)/19:0)[iso6]::M+Na::100005::NA::|7::TG(14:0/15:0/18:1(9Z))[iso6]::M+Na::100028::NA::|7::TG(14:0/15:1(9Z)/18:0)[iso6]::M+Na::100054::NA::|7::TG(14:0/16:0/17:1(9Z))[iso6]::M+Na::100078::NA::|7::TG(14:0/16:1(9Z)/17:0)[iso6]::M+Na::100102::NA::|7::TG(14:1(9Z)/15:0/18:0)[iso6]::M+Na::100433::NA::|7::TG(14:1(9Z)/16:0/17:0)[iso6]::M+Na::100483::NA::|7::TG(15:0/15:1(9Z)/17:0)[iso6]::M+Na::100835::NA::"	"M814T5"	"y"
77	""	1.00823190640496	0.011827515563718	0.173795520699502	0.863419594835212	1	"UP"	90.9769418655568	90.9766716074587	90.9771129728822	0.450450003	0.446866679333333	0.453850012333333	636.2548828125	1087.33454254531	122.782665004202	1096.28537873043	148.522594876633	""	""	46	""	"M91T0"	"n"
78	""	1.02570778884536	-0.0366197839389299	-0.155458752606445	0.877660586592576	1	"DOWN"	761.590421034622	761.585993292037	761.594456198288	5.70730017333333	5.68920013666667	5.73536674333333	4661.68359375	6740.03086440604	2853.63024672923	6571.10235264306	2896.19825884223	"[11][M+1]+"	""	5	""	"M762T6"	"n"
79	""	1.01712659312813	0.024499250397148	0.143610561339443	0.887187980734461	1	"UP"	300.290070127749	300.289010858484	300.292400588345	4.77756663833333	4.77391671666667	4.77949986666667	2604.181640625	1051.69440524197	406.135355846414	1069.70634741569	235.12552949271	""	""	27	"1::Sphingosine::M+H::  392::NA::|1::3-ketosphinganine::M+H:: 3428::NA::|1::Palmitoyl Ethanolamide::M+H::43210::NA::|1::L-threo-Sphingosine C-18::M+H::45278::NA::|1::2R-aminooctadec-4Z-ene-1,3S-diol::M+H::46049::NA::|1::5-hydroxy,3E-sphingosine::M+H::53904::NA::|1::(8Z,d18:1) sphingosine::M+H::53908::NA::|1::12-amino-octadecanoic acid::M+H::74861::NA::|1::2-amino-octadecanoic acid::M+H::74862::NA::|1::Palmitoyl-EA::M+H::75537::NA::|1::2Z-octadecenoic acid::M+NH4::34748::NA::|1::trans-2-oleic acid::M+NH4::34749::NA::|1::3-octadecylenic acid::M+NH4::34750::NA::|1::4-octadecylenic acid::M+NH4::34751::NA::|1::5-octadecylenic acid::M+NH4::34752::NA::|1::Petroselaidic acid::M+NH4::34753::NA::|1::7Z-octadecenoic acid::M+NH4::34754::NA::|1::7E-octadecenoic acid::M+NH4::34755::NA::|1::cis-8-oleic acid::M+NH4::34756::NA::|1::trans-8-elaidic acid::M+NH4::34757::NA::|1::cis-10-oleic acid::M+NH4::34758::NA::|1::10E-octadecenoic acid::M+NH4::34759::NA::|1::cis-12-oleic acid::M+NH4::34760::NA::|1::trans-12-elaidic acid::M+NH4::34761::NA::|1::15E-octadecenoic acid::M+NH4::34762::NA::|1::16E-octadecenoic acid::M+NH4::34763::NA::|1::13Z-octadecenoic acid::M+NH4::34954::NA::|1::15Z-octadecenoic acid::M+NH4::34955::NA::|1::16Z-octadecenoic acid::M+NH4::34956::NA::|1::17-octadecenoic acid::M+NH4::34957::NA::"	"M300T5"	"y"
80	""	1.00605074973295	0.00870308301754234	0.101559089954021	0.919886364901036	1	"UP"	358.282641293675	358.281758779124	358.283578746133	4.61630013833333	4.61259979	4.62896648	1301.0595703125	1020.68770396847	158.762003002838	1026.86362982069	162.992586645956	""	""	19	"2::::M+Na::1079088::NA::|8::17beta-(1H-Imidazol-4-yl)androst-5-en-3beta-ol::M+NH4::  70494::NA::|8::17beta-Pyrazol-3-ylandrost-5-en-3beta-ol::M+NH4::  70685::NA::"	"M358T5"	"y"
81	""	1.0131837300569	0.0188958152121153	0.0920494878803834	0.927388995361197	1	"UP"	785.591128119449	785.587477549008	785.594606090212	5.53078341	5.51180012333333	5.54733315666667	3930.05078125	3187.41797728657	1088.66513286851	3229.44003547762	1316.24596338377	"[14][M+1]+"	""	14	""	"M786T6_1"	"n"
82	""	1.01221544710258	-0.0175163961439575	-0.0866993628338908	0.931574783555446	1	"DOWN"	545.347569246361	545.345273128278	545.353176131041	4.63455006666667	4.63203315333333	4.63486644	2186.81640625	756.968703718456	277.712987868542	747.833582154121	279.824822910371	"[7][M+1]+"	""	18	""	"M545T5"	"n"
83	""	1.00936559784791	-0.0134488212912801	-0.0764630162250599	0.939645581384456	1	"DOWN"	544.34190946859	544.337870342035	544.344517560471	4.63458328333333	4.63096688	4.64345014333333	5740.08984375	2389.28237348369	814.596390124033	2367.11294557484	716.462191095415	"[7][M]+"	""	18	"1::Gly Arg Arg Arg::M+H::149373::NA::|1::Arg Gly Arg Arg::M+H::217773::NA::|1::Arg Arg Gly Arg::M+H::221193::NA::|1::Arg Arg Arg Gly::M+H::221364::NA::|4::PC(20:4(5Z,8Z,11Z,14Z)/0:0)::M+H:: 40314::NA::|4::PC(20:4(5Z,8Z,11Z,14Z)/0:0)[U]::M+H:: 40315::NA::|4::PC(0:0/20:4(5Z,8Z,11Z,14Z))::M+H:: 46690::NA::|4::LysoPC(20:4(5Z,8Z,11Z,14Z))::M+H:: 61705::NA::|4::LysoPC(20:4(8Z,11Z,14Z,17Z))::M+H:: 61706::NA::|9::PC(O-16:1(11Z)/2:0)::M+Na:: 40008::NA::|9::PC(O-16:1(9E)/2:0)[U]::M+Na:: 40009::NA::|9::PC(O-16:1(9Z)/2:0)[U]::M+Na:: 40010::NA::|9::PC(P-16:0/2:0)::M+Na:: 40174::NA::|9::PC(18:1(6Z)/0:0)::M+Na:: 40295::NA::|9::PC(18:1(9E)/0:0)::M+Na:: 40296::NA::|9::PC(18:1(9)/0:0)[U]::M+Na:: 40297::NA::|9::PC(18:1(9Z)/0:0)::M+Na:: 40298::NA::|9::PC(18:1(9Z)/0:0)[U]::M+Na:: 40299::NA::|9::PC(0:0/18:1(6Z))::M+Na:: 40345::NA::|9::PC(0:0/18:1(9E))::M+Na:: 40346::NA::|9::PC(0:0/18:1(9E))[U]::M+Na:: 40347::NA::|9::PC(0:0/18:1(9Z))::M+Na:: 40348::NA::|9::PC(0:0/18:1(9Z))[U]::M+Na:: 40349::NA::|9::PC(18:1(9E)/0:0)[U]::M+Na:: 46689::NA::|9::LysoPC(18:1(11Z))::M+Na:: 61695::NA::|9::PC(18:1(9Z)/0:0)[rac]::M+Na::102769::NA::|9::PC(18:1(9Z)/0:0)[U] / PC(18:1(9Z)/0:0)[rac]::M+Na::   184::NA::"	"M544T5"	"y"
84	""	1.00968171658287	0.013900581813893	0.0750317739028795	0.940770726448781	1	"UP"	663.454104430512	663.452566941833	663.455725996329	5.91151675	5.89568348333333	5.92838334	1136.5009765625	2315.10448392301	745.476437566532	2337.51866939608	832.834425551399	""	""	41	"0::Aluminium dodecanoate::M+K::89254::NA::|9::3-hexanoyl-NBD Cholesterol::M+H::64806::NA::|9::Rollinecin A::M+K::86979::NA::|9::Annomutacin::M+K::87917::NA::|9::Squamoxinone::M+K::88010::NA::|9::Annoglacin A::M+K::89062::NA::|9::Asitrilobin D::M+K::90685::NA::|9::Asitrilobin C::M+K::90724::NA::"	"M663T6"	"y"
85	""	1.0153763147286	-0.022014512410687	-0.0641517675333983	0.949363118361251	1	"DOWN"	786.603169106324	786.600273924726	786.609520261837	5.77927498833333	5.75298331	5.84866662333333	13210.2265625	21546.8682322157	14847.482612302	21220.5740075541	11905.3142058931	"[15][M]+"	""	4	"3::Dioleoylphosphatidylcholine::M+H:: 5572::NA::|3::PC(16:0/20:2(11E,14E))[U]::M+H::39360::NA::|3::PC(18:0/18:2(10Z,12Z))::M+H::39505::NA::|3::PC(18:0/18:2(2E,4E))::M+H::39506::NA::|3::PC(18:0/18:2(6Z,9Z))::M+H::39507::NA::|3::PC(18:0/18:2(6Z,9Z))[U]::M+H::39508::NA::|3::PC(18:0/18:2(9Z,12Z))[U]::M+H::39510::NA::|3::PC(18:1(10E)/18:1(10E))[U]::M+H::39576::NA::|3::PC(18:1(10Z)/18:1(10Z))::M+H::39577::NA::|3::PC(18:1(11E)/18:1(11E))::M+H::39578::NA::|3::PC(18:1(11E)/18:1(11E))[U]::M+H::39579::NA::|3::PC(18:1(11Z)/18:1(11Z))[U]::M+H::39583::NA::|3::PC(18:1(12E)/18:1(12E))[U]::M+H::39589::NA::|3::PC(18:1(12Z)/18:1(12Z))::M+H::39590::NA::|3::PC(18:1(13E)/18:1(13E))[U]::M+H::39591::NA::|3::PC(18:1(13Z)/18:1(13Z))::M+H::39592::NA::|3::PC(18:1(14E)/18:1(14E))[U]::M+H::39593::NA::|3::PC(18:1(14Z)/18:1(14Z))::M+H::39594::NA::|3::PC(18:1(15E)/18:1(15E))[U]::M+H::39595::NA::|3::PC(18:1(15Z)/18:1(15Z))::M+H::39596::NA::|3::PC(18:1(16E)/18:1(16E))[U]::M+H::39597::NA::|3::PC(18:1(16Z)/18:1(16Z))::M+H::39598::NA::|3::PC(18:1(17Z)/18:1(17Z))::M+H::39599::NA::|3::PC(18:1(2E)/18:1(2E))[U]::M+H::39600::NA::|3::PC(18:1(2Z)/18:1(2Z))::M+H::39601::NA::|3::PC(18:1(3E)/18:1(3E))[U]::M+H::39602::NA::|3::PC(18:1(3Z)/18:1(3Z))::M+H::39603::NA::|3::PC(18:1(4E)/18:1(4E))[U]::M+H::39604::NA::|3::PC(18:1(5E)/18:1(5E))[U]::M+H::39605::NA::|3::PC(18:1(5Z)/18:1(5Z))::M+H::39606::NA::"	"M787T6"	"y"
86	""	1.00349122026125	0.00502799433783402	0.0262419967983134	0.979267611661789	1	"UP"	742.575694669522	742.574774681003	742.57866665215	5.60226662	5.59351654	5.63556647	917.9296875	1624.09829265802	605.221351747589	1629.76837752361	536.012269686317	""	""	36	" 2::PC(O-16:0/18:3(6Z,9Z,12Z))::M+H:: 40070::NA::| 2::PC(O-16:0/18:3(9Z,12Z,15Z))::M+H:: 40071::NA::| 2::PC(O-16:0/18:3(9Z,12Z,15Z))[S]::M+H:: 40072::NA::| 2::PC(16:1(9Z)/P-18:1(11Z))::M+H:: 59477::NA::| 2::PC(16:1(9Z)/P-18:1(9Z))::M+H:: 59478::NA::| 2::PC(18:2(9Z,12Z)/P-16:0)::M+H:: 59605::NA::| 2::PC(P-16:0/18:2(9Z,12Z))::M+H:: 62041::NA::| 2::PC(P-18:1(11Z)/16:1(9Z))::M+H:: 62093::NA::| 2::PC(P-18:1(9Z)/16:1(9Z))::M+H:: 62122::NA::| 2::PE(P-20:0/17:2(9Z,12Z))::M+H:: 77650::NA::| 2::PC(O-16:1(9Z)/18:2(9Z,12Z))::M+H::102742::NA::| 5::PC(O-14:0/18:0)::M+Na:: 40044::NA::| 5::PC(O-16:0/16:0)::M+Na:: 40058::NA::| 5::PC(O-16:0/16:0)[U]::M+Na:: 40059::NA::| 5::PC(O-18:0/14:0)::M+Na:: 76426::NA::| 5::PC(O-20:0/12:0)::M+Na:: 76447::NA::| 5::PC(16:0/O-16:0)::M+Na:: 76588::NA::| 5::PE(O-18:0/17:0)::M+Na:: 77523::NA::| 5::PE(O-20:0/15:0)::M+Na:: 77544::NA::| 5::PE(O-16:0/19:0)::M+Na:: 77576::NA::| 9::GlcA&beta;-Cer(d18:1/18:0)::M+H:: 41633::NA::|10::GlcAbeta-Cer(d18:1/18:0)::M+H:: 83842::NA::|10::GlcCer(d14:1(4E)/22:1(13Z)(2OH))::M+H::103307::NA::|10::GlcCer(d14:2(4E,6E)/22:0(2OH))::M+H::103312::NA::|10::GlcCer(d16:2(4E,6E)/20:0(2OH))::M+H::103319::NA::"	"M743T6"	"y"
87	""	1.00354341846814	0.00510303648487491	0.0248909892396618	0.980332931907772	1	"UP"	731.607408503501	731.606205612523	731.610828035523	5.81523313	5.80023350333333	5.83671671666667	1011.71484375	2763.95844521987	1077.43559812457	2773.75230661983	1003.29218809283	""	""	43	" 2::SM(d18:1/18:0)::M+H:: 41584::NA::| 2::SM(d18:0/18:1(9Z))::M+H:: 53979::NA::| 2::SM(d16:1/20:0)::M+H:: 83753::NA::| 2::PE-Cer(d14:1(4E)/25:0)::M+H::103052::NA::| 2::PE-Cer(d15:1(4E)/24:0)::M+H::103057::NA::| 2::PE-Cer(d16:1(4E)/23:0)::M+H::103064::NA::| 2::N-Stearoyl-D-sphingomyelin::M+H::   438::NA::| 2::SPHINGOMYELIN::M+H::987474::NA::| 4::20:1 Campesteryl ester::M+K::103390::NA::| 8::CAY10578::M+Na:: 45324::NA::|10::GlcCer(d15:1/20:0)::M+NH4::103287::NA::"	"M732T6"	"y"
88	""	1.00230170201368	-0.00331683835663325	-0.0245880888513731	0.980572638989258	1	"DOWN"	188.070834671252	188.070311299436	188.071324346126	2.35790002166667	2.35093330333333	2.36516661666667	1542.87109375	2855.62058724314	674.691813988919	2849.0628934442	735.262370955661	""	""	20	"1::3-amino-2-naphthoic acid::M+H::34509::NA::|1::Indoleacrylic acid::M+H:: 5702::NA::|6::Deethylatrazine::M+H::66434::NA::"	"M188T2"	"y"
89	""	1.00110953165476	0.0015998284499133	0.00578924427901281	0.995425239606365	1	"UP"	780.556093747395	780.553116098508	780.559714535421	5.25795831	5.2459832	5.26548329666667	8224.1640625	5868.76169536797	3067.12973099343	5875.27327224323	2881.71262798908	"[12][M]+"	""	13	"3::PC(16:0/20:5(5E,8E,11E,14E,17E))[U]::M+H::39373::NA::|3::PC(16:0/20:5(5Z,8Z,11Z,14Z,17Z))[U]::M+H::39375::NA::|3::PC(16:1(9Z)/20:4(5Z,8Z,11Z,14Z))[U]::M+H::39435::NA::|3::PC(18:4(2E,4E,6E,11Z)/18:1(11Z))[U]::M+H::39699::NA::|3::PC(16:1(7Z)/20:4(5Z,8Z,11Z,14Z))::M+H::40029::NA::|3::PC(14:0/22:5(4Z,7Z,10Z,13Z,16Z))::M+H::59340::NA::|3::PC(14:0/22:5(7Z,10Z,13Z,16Z,19Z))::M+H::59341::NA::|3::PC(14:1(9Z)/22:4(7Z,10Z,13Z,16Z))::M+H::59372::NA::|3::PC(16:0/20:5(5Z,8Z,11Z,14Z,17Z))::M+H::59432::NA::|3::PC(16:1(9Z)/20:4(5Z,8Z,11Z,14Z))::M+H::59463::NA::|3::PC(16:1(9Z)/20:4(8Z,11Z,14Z,17Z))::M+H::59464::NA::|3::PC(18:1(11Z)/18:4(6Z,9Z,12Z,15Z))::M+H::59522::NA::|3::PC(18:1(9Z)/18:4(6Z,9Z,12Z,15Z))::M+H::59554::NA::|3::PC(18:2(9Z,12Z)/18:3(6Z,9Z,12Z))::M+H::59586::NA::|3::PC(18:2(9Z,12Z)/18:3(9Z,12Z,15Z))::M+H::59587::NA::|3::PC(18:3(6Z,9Z,12Z)/18:2(9Z,12Z))::M+H::59617::NA::|3::PC(18:3(9Z,12Z,15Z)/18:2(9Z,12Z))::M+H::59650::NA::|3::PC(18:4(6Z,9Z,12Z,15Z)/18:1(11Z))::M+H::59681::NA::|3::PC(18:4(6Z,9Z,12Z,15Z)/18:1(9Z))::M+H::59682::NA::|3::PC(20:4(5Z,8Z,11Z,14Z)/16:1(9Z))::M+H::59876::NA::|3::PC(20:4(8Z,11Z,14Z,17Z)/16:1(9Z))::M+H::59909::NA::|3::PC(20:5(5Z,8Z,11Z,14Z,17Z)/16:0)::M+H::59941::NA::|3::PC(22:4(7Z,10Z,13Z,16Z)/14:1(9Z))::M+H::60070::NA::|3::PC(22:5(4Z,7Z,10Z,13Z,16Z)/14:0)::M+H::60102::NA::|3::PC(22:5(7Z,10Z,13Z,16Z,19Z)/14:0)::M+H::60135::NA::|3::PE(17:1(9Z)/22:4(7Z,10Z,13Z,16Z))::M+H::76824::NA::|3::PE(19:0/20:5(5Z,8Z,11Z,14Z,17Z))::M+H::77021::NA::|3::PE(19:1(9Z)/20:4(5Z,8Z,11Z,14Z))::M+H::77051::NA::|3::PE(20:4(5Z,8Z,11Z,14Z)/19:1(9Z))::M+H::77185::NA::|3::PE(20:5(5Z,8Z,11Z,14Z,17Z)/19:0)::M+H::77213::NA::"	"M781T5"	"y"
